question_id,query_n0,query_n1,edge_id,subject,subject_name,predicate,object,object_name,knowledge_level,agent_type,sources
Q10,NCBIGene:2308,NCBIGene:3479,e_1,NCBIGene:2308,FOXO1,biolink:affects,NCBIGene:3479,IGF1,not_provided,text_mining_agent,infores:automat-robokop;infores:text-mining-provider-targeted
Q10,NCBIGene:2308,NCBIGene:3479,e_2,NCBIGene:3479,IGF1,biolink:affects,NCBIGene:2308,FOXO1,not_provided,text_mining_agent,infores:automat-robokop;infores:text-mining-provider-targeted
Q10,NCBIGene:2308,NCBIGene:3479,e_3,NCBIGene:3479,IGF1,biolink:affects,NCBIGene:2308,FOXO1,not_provided,text_mining_agent,infores:automat-robokop;infores:text-mining-provider-targeted
Q10,NCBIGene:2308,NCBIGene:3479,e_4_e_6,NCBIGene:2308,FOXO1,biolink:interacts_with,NCBIGene:3479,IGF1,logical_entailment,automated_agent,infores:automat-robokop
Q10,NCBIGene:2308,NCBIGene:3479,e_5_e_6,UniProtKB:P05019-4,insulin-like growth factor I isoform 4 (human),biolink:interacts_with,NCBIGene:3479,IGF1,logical_entailment,automated_agent,infores:automat-robokop
Q1,MONDO:0018310,MONDO:0005559,uuid:2a0cf142-198e-11f0-be82-6045bdb3d4c0_e_2,MONDO:0018310,Langerhans cell histiocytosis,biolink:has_phenotype,MONDO:0005559,neurodegenerative disease,logical_entailment,automated_agent,infores:automat-robokop
Q2,MONDO:0018310,NCBIGene:673,uuid:1d88a349-198e-11f0-be82-6045bdb3d4c0_e_4,NCBIGene:673,BRAF,biolink:has_phenotype,MONDO:0018310,Langerhans cell histiocytosis,logical_entailment,automated_agent,infores:automat-robokop
Q2,MONDO:0018310,NCBIGene:673,e_2,NCBIGene:673,BRAF,biolink:genetically_associated_with,MONDO:0018310,Langerhans cell histiocytosis,not_provided,not_provided,infores:automat-robokop;infores:disgenet;infores:pharos
Q2,MONDO:0018310,NCBIGene:673,e_3,NCBIGene:673,BRAF,biolink:genetically_associated_with,MONDO:0018310,Langerhans cell histiocytosis,knowledge_assertion,manual_agent,infores:automat-robokop;infores:diseases;infores:pharos
Q3,NCBIGene:7157,MONDO:0004992,uuid:0eae13ed-198e-11f0-be82-6045bdb3d4c0_e_410,NCBIGene:7157,TP53,biolink:contributes_to,MONDO:0004992,cancer,logical_entailment,automated_agent,infores:automat-robokop
Q3,NCBIGene:7157,MONDO:0004992,uuid:0eae1497-198e-11f0-be82-6045bdb3d4c0_e_411,NCBIGene:7157,TP53,biolink:contributes_to,MONDO:0004992,cancer,logical_entailment,automated_agent,infores:automat-robokop
Q3,NCBIGene:7157,MONDO:0004992,uuid:0ec4375b-198e-11f0-be82-6045bdb3d4c0_e_412,NCBIGene:7157,TP53,biolink:contributes_to,MONDO:0004992,cancer,logical_entailment,automated_agent,infores:automat-robokop
Q3,NCBIGene:7157,MONDO:0004992,uuid:0ec4400b-198e-11f0-be82-6045bdb3d4c0_e_413,NCBIGene:7157,TP53,biolink:contributes_to,MONDO:0004992,cancer,logical_entailment,automated_agent,infores:automat-robokop
Q3,NCBIGene:7157,MONDO:0004992,e_5_e_414,MONDO:0021063,colon cancer,biolink:related_to,MONDO:0004992,cancer,logical_entailment,automated_agent,infores:automat-robokop
Q3,NCBIGene:7157,MONDO:0004992,e_6_e_415,MONDO:0002586,thymus cancer,biolink:related_to,MONDO:0004992,cancer,logical_entailment,automated_agent,infores:automat-robokop
Q3,NCBIGene:7157,MONDO:0004992,e_7_e_416,MONDO:0001406,peripheral nervous system neoplasm,biolink:related_to,MONDO:0004992,cancer,logical_entailment,automated_agent,infores:automat-robokop
Q3,NCBIGene:7157,MONDO:0004992,e_8_e_417,MONDO:0003059,bile duct cancer,biolink:related_to,MONDO:0004992,cancer,logical_entailment,automated_agent,infores:automat-robokop
Q3,NCBIGene:7157,MONDO:0004992,e_9_e_418,MONDO:0002367,kidney cancer,biolink:related_to,MONDO:0004992,cancer,logical_entailment,automated_agent,infores:automat-robokop
Q3,NCBIGene:7157,MONDO:0004992,e_10_e_419,MONDO:0008903,lung cancer,biolink:related_to,MONDO:0004992,cancer,logical_entailment,automated_agent,infores:automat-robokop
Q3,NCBIGene:7157,MONDO:0004992,e_11_e_420,MONDO:0002691,liver cancer,biolink:related_to,MONDO:0004992,cancer,logical_entailment,automated_agent,infores:automat-robokop
Q3,NCBIGene:7157,MONDO:0004992,e_12_e_421,MONDO:0100342,malignant glioma,biolink:related_to,MONDO:0004992,cancer,logical_entailment,automated_agent,infores:automat-robokop
Q3,NCBIGene:7157,MONDO:0004992,e_13_e_422,MONDO:0005411,gallbladder cancer,biolink:related_to,MONDO:0004992,cancer,logical_entailment,automated_agent,infores:automat-robokop
Q3,NCBIGene:7157,MONDO:0004992,e_14_e_423,MONDO:0002334,hematopoietic and lymphoid system neoplasm,biolink:related_to,MONDO:0004992,cancer,logical_entailment,automated_agent,infores:automat-robokop
Q3,NCBIGene:7157,MONDO:0004992,e_15_e_424,MONDO:0007254,breast cancer,biolink:related_to,MONDO:0004992,cancer,logical_entailment,automated_agent,infores:automat-robokop
Q3,NCBIGene:7157,MONDO:0004992,e_16_e_425,MONDO:0004669,salivary gland cancer,biolink:related_to,MONDO:0004992,cancer,logical_entailment,automated_agent,infores:automat-robokop
Q3,NCBIGene:7157,MONDO:0004992,e_17_e_426,MONDO:0006519,rectal cancer,biolink:related_to,MONDO:0004992,cancer,logical_entailment,automated_agent,infores:automat-robokop
Q3,NCBIGene:7157,MONDO:0004992,e_18_e_427,MONDO:0009831,malignant pancreatic neoplasm,biolink:related_to,MONDO:0004992,cancer,logical_entailment,automated_agent,infores:automat-robokop
Q3,NCBIGene:7157,MONDO:0004992,e_19_e_428,MONDO:0005105,melanoma,biolink:related_to,MONDO:0004992,cancer,logical_entailment,automated_agent,infores:automat-robokop
Q3,NCBIGene:7157,MONDO:0004992,e_20_e_429,MONDO:0002236,ocular cancer,biolink:related_to,MONDO:0004992,cancer,logical_entailment,automated_agent,infores:automat-robokop
Q3,NCBIGene:7157,MONDO:0004992,e_21_e_430,MONDO:0002108,thyroid cancer,biolink:related_to,MONDO:0004992,cancer,logical_entailment,automated_agent,infores:automat-robokop
Q3,NCBIGene:7157,MONDO:0004992,e_22_e_431,MONDO:0002974,cervical cancer,biolink:related_to,MONDO:0004992,cancer,logical_entailment,automated_agent,infores:automat-robokop
Q3,NCBIGene:7157,MONDO:0004992,e_23_e_432,MONDO:0002817,Adrenal Cancer,biolink:related_to,MONDO:0004992,cancer,logical_entailment,automated_agent,infores:automat-robokop
Q3,NCBIGene:7157,MONDO:0004992,e_24_e_433,MONDO:0005627,head and neck cancer,biolink:related_to,MONDO:0004992,cancer,logical_entailment,automated_agent,infores:automat-robokop
Q3,NCBIGene:7157,MONDO:0004992,e_25_e_434,MONDO:0016642,meningioma,biolink:related_to,MONDO:0004992,cancer,logical_entailment,automated_agent,infores:automat-robokop
Q3,NCBIGene:7157,MONDO:0004992,e_26_e_435,MONDO:0002898,skin cancer,biolink:related_to,MONDO:0004992,cancer,logical_entailment,automated_agent,infores:automat-robokop
Q3,NCBIGene:7157,MONDO:0004992,e_27_e_436,MONDO:0007576,esophageal cancer,biolink:related_to,MONDO:0004992,cancer,logical_entailment,automated_agent,infores:automat-robokop
Q3,NCBIGene:7157,MONDO:0004992,e_28_e_437,MONDO:0001187,urinary bladder cancer,biolink:related_to,MONDO:0004992,cancer,logical_entailment,automated_agent,infores:automat-robokop
Q3,NCBIGene:7157,MONDO:0004992,e_29_e_438,MONDO:0002129,bone cancer,biolink:related_to,MONDO:0004992,cancer,logical_entailment,automated_agent,infores:automat-robokop
Q3,NCBIGene:7157,MONDO:0004992,e_30_e_439,MONDO:0002352,larynx cancer,biolink:related_to,MONDO:0004992,cancer,logical_entailment,automated_agent,infores:automat-robokop
Q3,NCBIGene:7157,MONDO:0004992,e_31_e_440,MONDO:0002715,uterine cancer,biolink:related_to,MONDO:0004992,cancer,logical_entailment,automated_agent,infores:automat-robokop
Q3,NCBIGene:7157,MONDO:0004992,e_32_e_441,MONDO:0005864,muscle cancer,biolink:related_to,MONDO:0004992,cancer,logical_entailment,automated_agent,infores:automat-robokop
Q3,NCBIGene:7157,MONDO:0004992,e_33_e_442,MONDO:0013662,Barrett esophagus,biolink:related_to,MONDO:0004992,cancer,logical_entailment,automated_agent,infores:automat-robokop
Q3,NCBIGene:7157,MONDO:0004992,e_34_e_443,MONDO:0005517,pharynx cancer,biolink:related_to,MONDO:0004992,cancer,logical_entailment,automated_agent,infores:automat-robokop
Q3,NCBIGene:7157,MONDO:0004992,e_35_e_444,MONDO:0008170,ovarian cancer,biolink:related_to,MONDO:0004992,cancer,logical_entailment,automated_agent,infores:automat-robokop
Q3,NCBIGene:7157,MONDO:0004992,e_36_e_445,MONDO:0001056,gastric cancer,biolink:related_to,MONDO:0004992,cancer,logical_entailment,automated_agent,infores:automat-robokop
Q3,NCBIGene:7157,MONDO:0004992,e_37_e_446,MONDO:0001657,brain cancer,biolink:related_to,MONDO:0004992,cancer,logical_entailment,automated_agent,infores:automat-robokop
Q3,NCBIGene:7157,MONDO:0004992,e_38_e_447,MONDO:0005089,sarcoma,biolink:related_to,MONDO:0004992,cancer,logical_entailment,automated_agent,infores:automat-robokop
Q3,NCBIGene:7157,MONDO:0004992,e_39_e_448,MONDO:0008315,prostate cancer,biolink:related_to,MONDO:0004992,cancer,logical_entailment,automated_agent,infores:automat-robokop
Q3,NCBIGene:7157,MONDO:0004992,uuid:0eae102a-198e-11f0-be82-6045bdb3d4c0_e_449,NCBIGene:7157,TP53,biolink:causes,MONDO:0004992,cancer,logical_entailment,automated_agent,infores:automat-robokop
Q3,NCBIGene:7157,MONDO:0004992,uuid:0ec4393a-198e-11f0-be82-6045bdb3d4c0_e_450,NCBIGene:7157,TP53,biolink:causes,MONDO:0004992,cancer,logical_entailment,automated_agent,infores:automat-robokop
Q3,NCBIGene:7157,MONDO:0004992,uuid:0eae151d-198e-11f0-be82-6045bdb3d4c0_e_451,NCBIGene:7157,TP53,biolink:causes,MONDO:0004992,cancer,logical_entailment,automated_agent,infores:automat-robokop
Q3,NCBIGene:7157,MONDO:0004992,uuid:13ff5322-198e-11f0-be82-6045bdb3d4c0_e_452,NCBIGene:7157,TP53,biolink:has_phenotype,MONDO:0004992,cancer,logical_entailment,automated_agent,infores:automat-robokop
Q3,NCBIGene:7157,MONDO:0004992,uuid:166184a8-198e-11f0-be82-6045bdb3d4c0_e_453,NCBIGene:7157,TP53,biolink:has_phenotype,MONDO:0004992,cancer,logical_entailment,automated_agent,infores:automat-robokop
Q3,NCBIGene:7157,MONDO:0004992,uuid:1c575bc8-198e-11f0-be82-6045bdb3d4c0_e_454,NCBIGene:7157,TP53,biolink:has_phenotype,MONDO:0004992,cancer,logical_entailment,automated_agent,infores:automat-robokop
Q3,NCBIGene:7157,MONDO:0004992,uuid:132f0d78-198e-11f0-be82-6045bdb3d4c0_e_455,NCBIGene:7157,TP53,biolink:has_phenotype,MONDO:0004992,cancer,logical_entailment,automated_agent,infores:automat-robokop
Q3,NCBIGene:7157,MONDO:0004992,uuid:1c575bd4-198e-11f0-be82-6045bdb3d4c0_e_456,NCBIGene:7157,TP53,biolink:has_phenotype,MONDO:0004992,cancer,logical_entailment,automated_agent,infores:automat-robokop
Q3,NCBIGene:7157,MONDO:0004992,uuid:1d887dfe-198e-11f0-be82-6045bdb3d4c0_e_457,NCBIGene:7157,TP53,biolink:has_phenotype,MONDO:0004992,cancer,logical_entailment,automated_agent,infores:automat-robokop
Q3,NCBIGene:7157,MONDO:0004992,uuid:11fe3b11-198e-11f0-be82-6045bdb3d4c0_e_458,NCBIGene:7157,TP53,biolink:has_phenotype,MONDO:0004992,cancer,logical_entailment,automated_agent,infores:automat-robokop
Q3,NCBIGene:7157,MONDO:0004992,uuid:1c57540e-198e-11f0-be82-6045bdb3d4c0_e_459,NCBIGene:7157,TP53,biolink:has_phenotype,MONDO:0004992,cancer,logical_entailment,automated_agent,infores:automat-robokop
Q3,NCBIGene:7157,MONDO:0004992,uuid:1c575408-198e-11f0-be82-6045bdb3d4c0_e_460,NCBIGene:7157,TP53,biolink:has_phenotype,MONDO:0004992,cancer,logical_entailment,automated_agent,infores:automat-robokop
Q3,NCBIGene:7157,MONDO:0004992,uuid:126386f5-198e-11f0-be82-6045bdb3d4c0_e_461,NCBIGene:7157,TP53,biolink:has_phenotype,MONDO:0004992,cancer,logical_entailment,automated_agent,infores:automat-robokop
Q3,NCBIGene:7157,MONDO:0004992,uuid:15306b56-198e-11f0-be82-6045bdb3d4c0_e_462,NCBIGene:7157,TP53,biolink:has_phenotype,MONDO:0004992,cancer,logical_entailment,automated_agent,infores:automat-robokop
Q3,NCBIGene:7157,MONDO:0004992,uuid:1b2632ca-198e-11f0-be82-6045bdb3d4c0_e_463,NCBIGene:7157,TP53,biolink:has_phenotype,MONDO:0004992,cancer,logical_entailment,automated_agent,infores:automat-robokop
Q3,NCBIGene:7157,MONDO:0004992,uuid:19f513e5-198e-11f0-be82-6045bdb3d4c0_e_464,NCBIGene:7157,TP53,biolink:has_phenotype,MONDO:0004992,cancer,logical_entailment,automated_agent,infores:automat-robokop
Q3,NCBIGene:7157,MONDO:0004992,uuid:1b264a9c-198e-11f0-be82-6045bdb3d4c0_e_465,NCBIGene:7157,TP53,biolink:has_phenotype,MONDO:0004992,cancer,logical_entailment,automated_agent,infores:automat-robokop
Q3,NCBIGene:7157,MONDO:0004992,uuid:1feab918-198e-11f0-be82-6045bdb3d4c0_e_466,NCBIGene:7157,TP53,biolink:has_phenotype,MONDO:0004992,cancer,logical_entailment,automated_agent,infores:automat-robokop
Q3,NCBIGene:7157,MONDO:0004992,uuid:1792922a-198e-11f0-be82-6045bdb3d4c0_e_467,NCBIGene:7157,TP53,biolink:has_phenotype,MONDO:0004992,cancer,logical_entailment,automated_agent,infores:automat-robokop
Q3,NCBIGene:7157,MONDO:0004992,uuid:166184a9-198e-11f0-be82-6045bdb3d4c0_e_468,NCBIGene:7157,TP53,biolink:has_phenotype,MONDO:0004992,cancer,logical_entailment,automated_agent,infores:automat-robokop
Q3,NCBIGene:7157,MONDO:0004992,uuid:1b2632cb-198e-11f0-be82-6045bdb3d4c0_e_469,NCBIGene:7157,TP53,biolink:has_phenotype,MONDO:0004992,cancer,logical_entailment,automated_agent,infores:automat-robokop
Q3,NCBIGene:7157,MONDO:0004992,uuid:19f4de26-198e-11f0-be82-6045bdb3d4c0_e_470,NCBIGene:7157,TP53,biolink:has_phenotype,MONDO:0004992,cancer,logical_entailment,automated_agent,infores:automat-robokop
Q3,NCBIGene:7157,MONDO:0004992,uuid:19f4d663-198e-11f0-be82-6045bdb3d4c0_e_471,NCBIGene:7157,TP53,biolink:has_phenotype,MONDO:0004992,cancer,logical_entailment,automated_agent,infores:automat-robokop
Q3,NCBIGene:7157,MONDO:0004992,uuid:1d886ea7-198e-11f0-be82-6045bdb3d4c0_e_448,NCBIGene:7157,TP53,biolink:has_phenotype,MONDO:0004992,cancer,logical_entailment,automated_agent,infores:automat-robokop
Q3,NCBIGene:7157,MONDO:0004992,uuid:19f52362-198e-11f0-be82-6045bdb3d4c0_e_428,NCBIGene:7157,TP53,biolink:has_phenotype,MONDO:0004992,cancer,logical_entailment,automated_agent,infores:automat-robokop
Q3,NCBIGene:7157,MONDO:0004992,uuid:1c574bda-198e-11f0-be82-6045bdb3d4c0_e_472,NCBIGene:7157,TP53,biolink:has_phenotype,MONDO:0004992,cancer,logical_entailment,automated_agent,infores:automat-robokop
Q3,NCBIGene:7157,MONDO:0004992,uuid:166184b1-198e-11f0-be82-6045bdb3d4c0_e_457,NCBIGene:7157,TP53,biolink:has_phenotype,MONDO:0004992,cancer,logical_entailment,automated_agent,infores:automat-robokop
Q3,NCBIGene:7157,MONDO:0004992,uuid:1d88b40f-198e-11f0-be82-6045bdb3d4c0_e_465,NCBIGene:7157,TP53,biolink:has_phenotype,MONDO:0004992,cancer,logical_entailment,automated_agent,infores:automat-robokop
Q3,NCBIGene:7157,MONDO:0004992,uuid:19f51b12-198e-11f0-be82-6045bdb3d4c0_e_414,NCBIGene:7157,TP53,biolink:has_phenotype,MONDO:0004992,cancer,logical_entailment,automated_agent,infores:automat-robokop
Q3,NCBIGene:7157,MONDO:0004992,uuid:18c3acc9-198e-11f0-be82-6045bdb3d4c0_e_473,NCBIGene:7157,TP53,biolink:has_phenotype,MONDO:0004992,cancer,logical_entailment,automated_agent,infores:automat-robokop
Q3,NCBIGene:7157,MONDO:0004992,uuid:1c575bc9-198e-11f0-be82-6045bdb3d4c0_e_448,NCBIGene:7157,TP53,biolink:has_phenotype,MONDO:0004992,cancer,logical_entailment,automated_agent,infores:automat-robokop
Q3,NCBIGene:7157,MONDO:0004992,uuid:18c3c542-198e-11f0-be82-6045bdb3d4c0_e_465,NCBIGene:7157,TP53,biolink:has_phenotype,MONDO:0004992,cancer,logical_entailment,automated_agent,infores:automat-robokop
Q3,NCBIGene:7157,MONDO:0004992,uuid:16617c4e-198e-11f0-be82-6045bdb3d4c0_e_474,NCBIGene:7157,TP53,biolink:has_phenotype,MONDO:0004992,cancer,logical_entailment,automated_agent,infores:automat-robokop
Q3,NCBIGene:7157,MONDO:0004992,uuid:1b264a9d-198e-11f0-be82-6045bdb3d4c0_e_428,NCBIGene:7157,TP53,biolink:has_phenotype,MONDO:0004992,cancer,logical_entailment,automated_agent,infores:automat-robokop
Q3,NCBIGene:7157,MONDO:0004992,uuid:19f513dd-198e-11f0-be82-6045bdb3d4c0_e_469,NCBIGene:7157,TP53,biolink:has_phenotype,MONDO:0004992,cancer,logical_entailment,automated_agent,infores:automat-robokop
Q3,NCBIGene:7157,MONDO:0004992,uuid:19f513da-198e-11f0-be82-6045bdb3d4c0_e_414,NCBIGene:7157,TP53,biolink:has_phenotype,MONDO:0004992,cancer,logical_entailment,automated_agent,infores:automat-robokop
Q3,NCBIGene:7157,MONDO:0004992,uuid:153029c0-198e-11f0-be82-6045bdb3d4c0_e_411,NCBIGene:7157,TP53,biolink:has_phenotype,MONDO:0004992,cancer,logical_entailment,automated_agent,infores:automat-robokop
Q3,NCBIGene:7157,MONDO:0004992,uuid:1792a2bf-198e-11f0-be82-6045bdb3d4c0_e_410,NCBIGene:7157,TP53,biolink:has_phenotype,MONDO:0004992,cancer,logical_entailment,automated_agent,infores:automat-robokop
Q3,NCBIGene:7157,MONDO:0004992,uuid:132f0d6c-198e-11f0-be82-6045bdb3d4c0_e_475,NCBIGene:7157,TP53,biolink:has_phenotype,MONDO:0004992,cancer,logical_entailment,automated_agent,infores:automat-robokop
Q3,NCBIGene:7157,MONDO:0004992,uuid:1c57540d-198e-11f0-be82-6045bdb3d4c0_e_476,NCBIGene:7157,TP53,biolink:has_phenotype,MONDO:0004992,cancer,logical_entailment,automated_agent,infores:automat-robokop
Q3,NCBIGene:7157,MONDO:0004992,uuid:132f0d6d-198e-11f0-be82-6045bdb3d4c0_e_477,NCBIGene:7157,TP53,biolink:has_phenotype,MONDO:0004992,cancer,logical_entailment,automated_agent,infores:automat-robokop
Q3,NCBIGene:7157,MONDO:0004992,uuid:1d88bbcf-198e-11f0-be82-6045bdb3d4c0_e_478,NCBIGene:7157,TP53,biolink:has_phenotype,MONDO:0004992,cancer,logical_entailment,automated_agent,infores:automat-robokop
Q3,NCBIGene:7157,MONDO:0004992,uuid:153063c5-198e-11f0-be82-6045bdb3d4c0_e_479,NCBIGene:7157,TP53,biolink:has_phenotype,MONDO:0004992,cancer,logical_entailment,automated_agent,infores:automat-robokop
Q3,NCBIGene:7157,MONDO:0004992,uuid:19f513d5-198e-11f0-be82-6045bdb3d4c0_e_411,NCBIGene:7157,TP53,biolink:has_phenotype,MONDO:0004992,cancer,logical_entailment,automated_agent,infores:automat-robokop
Q3,NCBIGene:7157,MONDO:0004992,uuid:16617c61-198e-11f0-be82-6045bdb3d4c0_e_480,NCBIGene:7157,TP53,biolink:has_phenotype,MONDO:0004992,cancer,logical_entailment,automated_agent,infores:automat-robokop
Q3,NCBIGene:7157,MONDO:0004992,uuid:19f4de25-198e-11f0-be82-6045bdb3d4c0_e_475,NCBIGene:7157,TP53,biolink:has_phenotype,MONDO:0004992,cancer,logical_entailment,automated_agent,infores:automat-robokop
Q3,NCBIGene:7157,MONDO:0004992,uuid:1c5763d5-198e-11f0-be82-6045bdb3d4c0_e_481,NCBIGene:7157,TP53,biolink:has_phenotype,MONDO:0004992,cancer,logical_entailment,automated_agent,infores:automat-robokop
Q3,NCBIGene:7157,MONDO:0004992,uuid:132f0d79-198e-11f0-be82-6045bdb3d4c0_e_482,NCBIGene:7157,TP53,biolink:has_phenotype,MONDO:0004992,cancer,logical_entailment,automated_agent,infores:automat-robokop
Q3,NCBIGene:7157,MONDO:0004992,uuid:11fe33c4-198e-11f0-be82-6045bdb3d4c0_e_483,NCBIGene:7157,TP53,biolink:has_phenotype,MONDO:0004992,cancer,logical_entailment,automated_agent,infores:automat-robokop
Q3,NCBIGene:7157,MONDO:0004992,uuid:1feb08cd-198e-11f0-be82-6045bdb3d4c0_e_484,NCBIGene:7157,TP53,biolink:has_phenotype,MONDO:0004992,cancer,logical_entailment,automated_agent,infores:automat-robokop
Q3,NCBIGene:7157,MONDO:0004992,uuid:13ff0dff-198e-11f0-be82-6045bdb3d4c0_e_428,NCBIGene:7157,TP53,biolink:has_phenotype,MONDO:0004992,cancer,logical_entailment,automated_agent,infores:automat-robokop
Q3,NCBIGene:7157,MONDO:0004992,uuid:1eb99273-198e-11f0-be82-6045bdb3d4c0_e_468,NCBIGene:7157,TP53,biolink:has_phenotype,MONDO:0004992,cancer,logical_entailment,automated_agent,infores:automat-robokop
Q3,NCBIGene:7157,MONDO:0004992,uuid:17929237-198e-11f0-be82-6045bdb3d4c0_e_484,NCBIGene:7157,TP53,biolink:has_phenotype,MONDO:0004992,cancer,logical_entailment,automated_agent,infores:automat-robokop
Q3,NCBIGene:7157,MONDO:0004992,uuid:132ecf7f-198e-11f0-be82-6045bdb3d4c0_e_457,NCBIGene:7157,TP53,biolink:has_phenotype,MONDO:0004992,cancer,logical_entailment,automated_agent,infores:automat-robokop
Q3,NCBIGene:7157,MONDO:0004992,uuid:1d88b414-198e-11f0-be82-6045bdb3d4c0_e_485,NCBIGene:7157,TP53,biolink:has_phenotype,MONDO:0004992,cancer,logical_entailment,automated_agent,infores:automat-robokop
Q3,NCBIGene:7157,MONDO:0004992,uuid:1d886652-198e-11f0-be82-6045bdb3d4c0_e_486,NCBIGene:7157,TP53,biolink:has_phenotype,MONDO:0004992,cancer,logical_entailment,automated_agent,infores:automat-robokop
Q3,NCBIGene:7157,MONDO:0004992,uuid:126386f2-198e-11f0-be82-6045bdb3d4c0_e_487,NCBIGene:7157,TP53,biolink:has_phenotype,MONDO:0004992,cancer,logical_entailment,automated_agent,infores:automat-robokop
Q3,NCBIGene:7157,MONDO:0004992,uuid:18c3c53c-198e-11f0-be82-6045bdb3d4c0_e_452,NCBIGene:7157,TP53,biolink:has_phenotype,MONDO:0004992,cancer,logical_entailment,automated_agent,infores:automat-robokop
Q3,NCBIGene:7157,MONDO:0004992,uuid:15306b5c-198e-11f0-be82-6045bdb3d4c0_e_474,NCBIGene:7157,TP53,biolink:has_phenotype,MONDO:0004992,cancer,logical_entailment,automated_agent,infores:automat-robokop
Q3,NCBIGene:7157,MONDO:0004992,uuid:18c3c53b-198e-11f0-be82-6045bdb3d4c0_e_456,NCBIGene:7157,TP53,biolink:has_phenotype,MONDO:0004992,cancer,logical_entailment,automated_agent,infores:automat-robokop
Q3,NCBIGene:7157,MONDO:0004992,uuid:18c40273-198e-11f0-be82-6045bdb3d4c0_e_488,NCBIGene:7157,TP53,biolink:has_phenotype,MONDO:0004992,cancer,logical_entailment,automated_agent,infores:automat-robokop
Q3,NCBIGene:7157,MONDO:0004992,uuid:1c575415-198e-11f0-be82-6045bdb3d4c0_e_457,NCBIGene:7157,TP53,biolink:has_phenotype,MONDO:0004992,cancer,logical_entailment,automated_agent,infores:automat-robokop
Q3,NCBIGene:7157,MONDO:0004992,uuid:153029c1-198e-11f0-be82-6045bdb3d4c0_e_411,NCBIGene:7157,TP53,biolink:has_phenotype,MONDO:0004992,cancer,logical_entailment,automated_agent,infores:automat-robokop
Q3,NCBIGene:7157,MONDO:0004992,uuid:1d88764b-198e-11f0-be82-6045bdb3d4c0_e_489,NCBIGene:7157,TP53,biolink:has_phenotype,MONDO:0004992,cancer,logical_entailment,automated_agent,infores:automat-robokop
Q3,NCBIGene:7157,MONDO:0004992,uuid:18c3fa6c-198e-11f0-be82-6045bdb3d4c0_e_450,NCBIGene:7157,TP53,biolink:has_phenotype,MONDO:0004992,cancer,logical_entailment,automated_agent,infores:automat-robokop
Q3,NCBIGene:7157,MONDO:0004992,uuid:1d88b40d-198e-11f0-be82-6045bdb3d4c0_e_490,NCBIGene:7157,TP53,biolink:has_phenotype,MONDO:0004992,cancer,logical_entailment,automated_agent,infores:automat-robokop
Q3,NCBIGene:7157,MONDO:0004992,uuid:1792a9e1-198e-11f0-be82-6045bdb3d4c0_e_411,NCBIGene:7157,TP53,biolink:has_phenotype,MONDO:0004992,cancer,logical_entailment,automated_agent,infores:automat-robokop
Q3,NCBIGene:7157,MONDO:0004992,uuid:1d886ea9-198e-11f0-be82-6045bdb3d4c0_e_491,NCBIGene:7157,TP53,biolink:has_phenotype,MONDO:0004992,cancer,logical_entailment,automated_agent,infores:automat-robokop
Q3,NCBIGene:7157,MONDO:0004992,uuid:19f4d66a-198e-11f0-be82-6045bdb3d4c0_e_465,NCBIGene:7157,TP53,biolink:has_phenotype,MONDO:0004992,cancer,logical_entailment,automated_agent,infores:automat-robokop
Q3,NCBIGene:7157,MONDO:0004992,uuid:19f51b1c-198e-11f0-be82-6045bdb3d4c0_e_414,NCBIGene:7157,TP53,biolink:has_phenotype,MONDO:0004992,cancer,logical_entailment,automated_agent,infores:automat-robokop
Q3,NCBIGene:7157,MONDO:0004992,uuid:1b264297-198e-11f0-be82-6045bdb3d4c0_e_485,NCBIGene:7157,TP53,biolink:has_phenotype,MONDO:0004992,cancer,logical_entailment,automated_agent,infores:automat-robokop
Q3,NCBIGene:7157,MONDO:0004992,uuid:18c4027d-198e-11f0-be82-6045bdb3d4c0_e_492,NCBIGene:7157,TP53,biolink:has_phenotype,MONDO:0004992,cancer,logical_entailment,automated_agent,infores:automat-robokop
Q3,NCBIGene:7157,MONDO:0004992,uuid:18c3c539-198e-11f0-be82-6045bdb3d4c0_e_493,NCBIGene:7157,TP53,biolink:has_phenotype,MONDO:0004992,cancer,logical_entailment,automated_agent,infores:automat-robokop
Q3,NCBIGene:7157,MONDO:0004992,uuid:1eb9927c-198e-11f0-be82-6045bdb3d4c0_e_448,NCBIGene:7157,TP53,biolink:has_phenotype,MONDO:0004992,cancer,logical_entailment,automated_agent,infores:automat-robokop
Q3,NCBIGene:7157,MONDO:0004992,uuid:18c3bceb-198e-11f0-be82-6045bdb3d4c0_e_469,NCBIGene:7157,TP53,biolink:has_phenotype,MONDO:0004992,cancer,logical_entailment,automated_agent,infores:automat-robokop
Q3,NCBIGene:7157,MONDO:0004992,uuid:18c3b519-198e-11f0-be82-6045bdb3d4c0_e_465,NCBIGene:7157,TP53,biolink:has_phenotype,MONDO:0004992,cancer,logical_entailment,automated_agent,infores:automat-robokop
Q3,NCBIGene:7157,MONDO:0004992,uuid:1feab919-198e-11f0-be82-6045bdb3d4c0_e_461,NCBIGene:7157,TP53,biolink:has_phenotype,MONDO:0004992,cancer,logical_entailment,automated_agent,infores:automat-robokop
Q3,NCBIGene:7157,MONDO:0004992,uuid:18c3acd4-198e-11f0-be82-6045bdb3d4c0_e_494,NCBIGene:7157,TP53,biolink:has_phenotype,MONDO:0004992,cancer,logical_entailment,automated_agent,infores:automat-robokop
Q3,NCBIGene:7157,MONDO:0004992,uuid:1d887dfc-198e-11f0-be82-6045bdb3d4c0_e_495,NCBIGene:7157,TP53,biolink:has_phenotype,MONDO:0004992,cancer,logical_entailment,automated_agent,infores:automat-robokop
Q3,NCBIGene:7157,MONDO:0004992,uuid:166184b2-198e-11f0-be82-6045bdb3d4c0_e_469,NCBIGene:7157,TP53,biolink:has_phenotype,MONDO:0004992,cancer,logical_entailment,automated_agent,infores:automat-robokop
Q3,NCBIGene:7157,MONDO:0004992,uuid:1c574bd2-198e-11f0-be82-6045bdb3d4c0_e_410,NCBIGene:7157,TP53,biolink:has_phenotype,MONDO:0004992,cancer,logical_entailment,automated_agent,infores:automat-robokop
Q3,NCBIGene:7157,MONDO:0004992,uuid:11fe4b34-198e-11f0-be82-6045bdb3d4c0_e_496,NCBIGene:7157,TP53,biolink:has_phenotype,MONDO:0004992,cancer,logical_entailment,automated_agent,infores:automat-robokop
Q3,NCBIGene:7157,MONDO:0004992,uuid:17929229-198e-11f0-be82-6045bdb3d4c0_e_497,NCBIGene:7157,TP53,biolink:has_phenotype,MONDO:0004992,cancer,logical_entailment,automated_agent,infores:automat-robokop
Q3,NCBIGene:7157,MONDO:0004992,uuid:16617c53-198e-11f0-be82-6045bdb3d4c0_e_498,NCBIGene:7157,TP53,biolink:has_phenotype,MONDO:0004992,cancer,logical_entailment,automated_agent,infores:automat-robokop
Q3,NCBIGene:7157,MONDO:0004992,uuid:1d88764d-198e-11f0-be82-6045bdb3d4c0_e_486,NCBIGene:7157,TP53,biolink:has_phenotype,MONDO:0004992,cancer,logical_entailment,automated_agent,infores:automat-robokop
Q3,NCBIGene:7157,MONDO:0004992,uuid:1d88b40c-198e-11f0-be82-6045bdb3d4c0_e_499,NCBIGene:7157,TP53,biolink:has_phenotype,MONDO:0004992,cancer,logical_entailment,automated_agent,infores:automat-robokop
Q3,NCBIGene:7157,MONDO:0004992,e_126_e_500,NCBIGene:7157,TP53,biolink:genetically_associated_with,MONDO:0004992,cancer,logical_entailment,automated_agent,infores:automat-robokop
Q3,NCBIGene:7157,MONDO:0004992,e_127_e_501,NCBIGene:7157,TP53,biolink:genetically_associated_with,MONDO:0004992,cancer,logical_entailment,automated_agent,infores:automat-robokop
Q3,NCBIGene:7157,MONDO:0004992,e_128_e_410,NCBIGene:7157,TP53,biolink:genetically_associated_with,MONDO:0004992,cancer,logical_entailment,automated_agent,infores:automat-robokop
Q3,NCBIGene:7157,MONDO:0004992,e_129_e_502,NCBIGene:7157,TP53,biolink:genetically_associated_with,MONDO:0004992,cancer,logical_entailment,automated_agent,infores:automat-robokop
Q3,NCBIGene:7157,MONDO:0004992,e_130_e_424,NCBIGene:7157,TP53,biolink:genetically_associated_with,MONDO:0004992,cancer,logical_entailment,automated_agent,infores:automat-robokop
Q3,NCBIGene:7157,MONDO:0004992,e_131_e_412,NCBIGene:7157,TP53,biolink:genetically_associated_with,MONDO:0004992,cancer,logical_entailment,automated_agent,infores:automat-robokop
Q3,NCBIGene:7157,MONDO:0004992,e_132_e_501,NCBIGene:7157,TP53,biolink:genetically_associated_with,MONDO:0004992,cancer,logical_entailment,automated_agent,infores:automat-robokop
Q3,NCBIGene:7157,MONDO:0004992,e_133_e_463,NCBIGene:7157,TP53,biolink:genetically_associated_with,MONDO:0004992,cancer,logical_entailment,automated_agent,infores:automat-robokop
Q3,NCBIGene:7157,MONDO:0004992,e_134_e_503,NCBIGene:7157,TP53,biolink:genetically_associated_with,MONDO:0004992,cancer,logical_entailment,automated_agent,infores:automat-robokop
Q3,NCBIGene:7157,MONDO:0004992,e_135_e_504,NCBIGene:7157,TP53,biolink:genetically_associated_with,MONDO:0004992,cancer,logical_entailment,automated_agent,infores:automat-robokop
Q3,NCBIGene:7157,MONDO:0004992,e_136_e_448,NCBIGene:7157,TP53,biolink:genetically_associated_with,MONDO:0004992,cancer,logical_entailment,automated_agent,infores:automat-robokop
Q3,NCBIGene:7157,MONDO:0004992,e_137_e_505,NCBIGene:7157,TP53,biolink:genetically_associated_with,MONDO:0004992,cancer,logical_entailment,automated_agent,infores:automat-robokop
Q3,NCBIGene:7157,MONDO:0004992,e_138_e_506,NCBIGene:7157,TP53,biolink:genetically_associated_with,MONDO:0004992,cancer,logical_entailment,automated_agent,infores:automat-robokop
Q3,NCBIGene:7157,MONDO:0004992,e_139_e_507,NCBIGene:7157,TP53,biolink:genetically_associated_with,MONDO:0004992,cancer,logical_entailment,automated_agent,infores:automat-robokop
Q3,NCBIGene:7157,MONDO:0004992,e_140_e_472,NCBIGene:7157,TP53,biolink:genetically_associated_with,MONDO:0004992,cancer,logical_entailment,automated_agent,infores:automat-robokop
Q3,NCBIGene:7157,MONDO:0004992,e_141_e_508,NCBIGene:7157,TP53,biolink:genetically_associated_with,MONDO:0004992,cancer,logical_entailment,automated_agent,infores:automat-robokop
Q3,NCBIGene:7157,MONDO:0004992,e_142_e_509,NCBIGene:7157,TP53,biolink:genetically_associated_with,MONDO:0004992,cancer,logical_entailment,automated_agent,infores:automat-robokop
Q3,NCBIGene:7157,MONDO:0004992,e_143_e_411,NCBIGene:7157,TP53,biolink:genetically_associated_with,MONDO:0004992,cancer,logical_entailment,automated_agent,infores:automat-robokop
Q3,NCBIGene:7157,MONDO:0004992,e_144_e_510,NCBIGene:7157,TP53,biolink:genetically_associated_with,MONDO:0004992,cancer,logical_entailment,automated_agent,infores:automat-robokop
Q3,NCBIGene:7157,MONDO:0004992,e_145_e_435,NCBIGene:7157,TP53,biolink:genetically_associated_with,MONDO:0004992,cancer,logical_entailment,automated_agent,infores:automat-robokop
Q3,NCBIGene:7157,MONDO:0004992,e_146_e_411,NCBIGene:7157,TP53,biolink:genetically_associated_with,MONDO:0004992,cancer,logical_entailment,automated_agent,infores:automat-robokop
Q3,NCBIGene:7157,MONDO:0004992,e_147_e_424,NCBIGene:7157,TP53,biolink:genetically_associated_with,MONDO:0004992,cancer,logical_entailment,automated_agent,infores:automat-robokop
Q3,NCBIGene:7157,MONDO:0004992,e_148_e_511,NCBIGene:7157,TP53,biolink:genetically_associated_with,MONDO:0004992,cancer,logical_entailment,automated_agent,infores:automat-robokop
Q3,NCBIGene:7157,MONDO:0004992,e_149_e_436,NCBIGene:7157,TP53,biolink:genetically_associated_with,MONDO:0004992,cancer,logical_entailment,automated_agent,infores:automat-robokop
Q3,NCBIGene:7157,MONDO:0004992,e_150_e_512,NCBIGene:7157,TP53,biolink:genetically_associated_with,MONDO:0004992,cancer,logical_entailment,automated_agent,infores:automat-robokop
Q3,NCBIGene:7157,MONDO:0004992,e_151_e_513,NCBIGene:7157,TP53,biolink:genetically_associated_with,MONDO:0004992,cancer,logical_entailment,automated_agent,infores:automat-robokop
Q3,NCBIGene:7157,MONDO:0004992,e_152_e_514,NCBIGene:7157,TP53,biolink:genetically_associated_with,MONDO:0004992,cancer,logical_entailment,automated_agent,infores:automat-robokop
Q3,NCBIGene:7157,MONDO:0004992,e_153_e_450,NCBIGene:7157,TP53,biolink:genetically_associated_with,MONDO:0004992,cancer,logical_entailment,automated_agent,infores:automat-robokop
Q3,NCBIGene:7157,MONDO:0004992,e_154_e_515,NCBIGene:7157,TP53,biolink:genetically_associated_with,MONDO:0004992,cancer,logical_entailment,automated_agent,infores:automat-robokop
Q3,NCBIGene:7157,MONDO:0004992,e_155,NCBIGene:7157,TP53,biolink:genetically_associated_with,MONDO:0004992,cancer,knowledge_assertion,manual_validation_of_automated_agent,infores:automat-robokop;infores:diseases;infores:pharos
Q3,NCBIGene:7157,MONDO:0004992,e_156_e_516,NCBIGene:7157,TP53,biolink:genetically_associated_with,MONDO:0004992,cancer,logical_entailment,automated_agent,infores:automat-robokop
Q3,NCBIGene:7157,MONDO:0004992,e_157_e_501,NCBIGene:7157,TP53,biolink:genetically_associated_with,MONDO:0004992,cancer,logical_entailment,automated_agent,infores:automat-robokop
Q3,NCBIGene:7157,MONDO:0004992,e_158_e_467,NCBIGene:7157,TP53,biolink:genetically_associated_with,MONDO:0004992,cancer,logical_entailment,automated_agent,infores:automat-robokop
Q3,NCBIGene:7157,MONDO:0004992,e_159_e_437,NCBIGene:7157,TP53,biolink:genetically_associated_with,MONDO:0004992,cancer,logical_entailment,automated_agent,infores:automat-robokop
Q3,NCBIGene:7157,MONDO:0004992,e_160_e_517,NCBIGene:7157,TP53,biolink:genetically_associated_with,MONDO:0004992,cancer,logical_entailment,automated_agent,infores:automat-robokop
Q3,NCBIGene:7157,MONDO:0004992,e_161_e_518,NCBIGene:7157,TP53,biolink:genetically_associated_with,MONDO:0004992,cancer,logical_entailment,automated_agent,infores:automat-robokop
Q3,NCBIGene:7157,MONDO:0004992,e_162_e_519,NCBIGene:7157,TP53,biolink:genetically_associated_with,MONDO:0004992,cancer,logical_entailment,automated_agent,infores:automat-robokop
Q3,NCBIGene:7157,MONDO:0004992,e_163_e_520,NCBIGene:7157,TP53,biolink:genetically_associated_with,MONDO:0004992,cancer,logical_entailment,automated_agent,infores:automat-robokop
Q3,NCBIGene:7157,MONDO:0004992,e_164_e_435,NCBIGene:7157,TP53,biolink:genetically_associated_with,MONDO:0004992,cancer,logical_entailment,automated_agent,infores:automat-robokop
Q3,NCBIGene:7157,MONDO:0004992,e_165_e_521,NCBIGene:7157,TP53,biolink:genetically_associated_with,MONDO:0004992,cancer,logical_entailment,automated_agent,infores:automat-robokop
Q3,NCBIGene:7157,MONDO:0004992,e_166_e_522,NCBIGene:7157,TP53,biolink:genetically_associated_with,MONDO:0004992,cancer,logical_entailment,automated_agent,infores:automat-robokop
Q3,NCBIGene:7157,MONDO:0004992,e_167_e_523,NCBIGene:7157,TP53,biolink:genetically_associated_with,MONDO:0004992,cancer,logical_entailment,automated_agent,infores:automat-robokop
Q3,NCBIGene:7157,MONDO:0004992,e_168_e_447,NCBIGene:7157,TP53,biolink:genetically_associated_with,MONDO:0004992,cancer,logical_entailment,automated_agent,infores:automat-robokop
Q3,NCBIGene:7157,MONDO:0004992,e_169_e_520,NCBIGene:7157,TP53,biolink:genetically_associated_with,MONDO:0004992,cancer,logical_entailment,automated_agent,infores:automat-robokop
Q3,NCBIGene:7157,MONDO:0004992,e_170_e_419,NCBIGene:7157,TP53,biolink:genetically_associated_with,MONDO:0004992,cancer,logical_entailment,automated_agent,infores:automat-robokop
Q3,NCBIGene:7157,MONDO:0004992,e_171_e_467,NCBIGene:7157,TP53,biolink:genetically_associated_with,MONDO:0004992,cancer,logical_entailment,automated_agent,infores:automat-robokop
Q3,NCBIGene:7157,MONDO:0004992,e_172_e_509,NCBIGene:7157,TP53,biolink:genetically_associated_with,MONDO:0004992,cancer,logical_entailment,automated_agent,infores:automat-robokop
Q3,NCBIGene:7157,MONDO:0004992,e_173_e_524,NCBIGene:7157,TP53,biolink:genetically_associated_with,MONDO:0004992,cancer,logical_entailment,automated_agent,infores:automat-robokop
Q3,NCBIGene:7157,MONDO:0004992,e_174_e_525,NCBIGene:7157,TP53,biolink:genetically_associated_with,MONDO:0004992,cancer,logical_entailment,automated_agent,infores:automat-robokop
Q3,NCBIGene:7157,MONDO:0004992,e_175_e_421,NCBIGene:7157,TP53,biolink:genetically_associated_with,MONDO:0004992,cancer,logical_entailment,automated_agent,infores:automat-robokop
Q3,NCBIGene:7157,MONDO:0004992,e_176_e_428,NCBIGene:7157,TP53,biolink:genetically_associated_with,MONDO:0004992,cancer,logical_entailment,automated_agent,infores:automat-robokop
Q3,NCBIGene:7157,MONDO:0004992,e_177_e_526,NCBIGene:7157,TP53,biolink:genetically_associated_with,MONDO:0004992,cancer,logical_entailment,automated_agent,infores:automat-robokop
Q3,NCBIGene:7157,MONDO:0004992,e_178_e_527,NCBIGene:7157,TP53,biolink:genetically_associated_with,MONDO:0004992,cancer,logical_entailment,automated_agent,infores:automat-robokop
Q3,NCBIGene:7157,MONDO:0004992,e_179_e_528,NCBIGene:7157,TP53,biolink:genetically_associated_with,MONDO:0004992,cancer,logical_entailment,automated_agent,infores:automat-robokop
Q3,NCBIGene:7157,MONDO:0004992,e_180_e_528,NCBIGene:7157,TP53,biolink:genetically_associated_with,MONDO:0004992,cancer,logical_entailment,automated_agent,infores:automat-robokop
Q3,NCBIGene:7157,MONDO:0004992,e_181_e_500,NCBIGene:7157,TP53,biolink:genetically_associated_with,MONDO:0004992,cancer,logical_entailment,automated_agent,infores:automat-robokop
Q3,NCBIGene:7157,MONDO:0004992,e_182_e_529,NCBIGene:7157,TP53,biolink:genetically_associated_with,MONDO:0004992,cancer,logical_entailment,automated_agent,infores:automat-robokop
Q3,NCBIGene:7157,MONDO:0004992,e_183_e_489,NCBIGene:7157,TP53,biolink:genetically_associated_with,MONDO:0004992,cancer,logical_entailment,automated_agent,infores:automat-robokop
Q3,NCBIGene:7157,MONDO:0004992,e_184_e_527,NCBIGene:7157,TP53,biolink:genetically_associated_with,MONDO:0004992,cancer,logical_entailment,automated_agent,infores:automat-robokop
Q3,NCBIGene:7157,MONDO:0004992,e_185_e_530,NCBIGene:7157,TP53,biolink:genetically_associated_with,MONDO:0004992,cancer,logical_entailment,automated_agent,infores:automat-robokop
Q3,NCBIGene:7157,MONDO:0004992,e_186_e_472,NCBIGene:7157,TP53,biolink:genetically_associated_with,MONDO:0004992,cancer,logical_entailment,automated_agent,infores:automat-robokop
Q3,NCBIGene:7157,MONDO:0004992,e_187_e_456,NCBIGene:7157,TP53,biolink:genetically_associated_with,MONDO:0004992,cancer,logical_entailment,automated_agent,infores:automat-robokop
Q3,NCBIGene:7157,MONDO:0004992,e_188_e_465,NCBIGene:7157,TP53,biolink:genetically_associated_with,MONDO:0004992,cancer,logical_entailment,automated_agent,infores:automat-robokop
Q3,NCBIGene:7157,MONDO:0004992,e_189_e_472,NCBIGene:7157,TP53,biolink:genetically_associated_with,MONDO:0004992,cancer,logical_entailment,automated_agent,infores:automat-robokop
Q3,NCBIGene:7157,MONDO:0004992,e_190_e_531,NCBIGene:7157,TP53,biolink:genetically_associated_with,MONDO:0004992,cancer,logical_entailment,automated_agent,infores:automat-robokop
Q3,NCBIGene:7157,MONDO:0004992,e_191_e_531,NCBIGene:7157,TP53,biolink:genetically_associated_with,MONDO:0004992,cancer,logical_entailment,automated_agent,infores:automat-robokop
Q3,NCBIGene:7157,MONDO:0004992,e_192_e_450,NCBIGene:7157,TP53,biolink:genetically_associated_with,MONDO:0004992,cancer,logical_entailment,automated_agent,infores:automat-robokop
Q3,NCBIGene:7157,MONDO:0004992,e_193_e_532,NCBIGene:7157,TP53,biolink:genetically_associated_with,MONDO:0004992,cancer,logical_entailment,automated_agent,infores:automat-robokop
Q3,NCBIGene:7157,MONDO:0004992,e_194_e_533,NCBIGene:7157,TP53,biolink:genetically_associated_with,MONDO:0004992,cancer,logical_entailment,automated_agent,infores:automat-robokop
Q3,NCBIGene:7157,MONDO:0004992,e_195_e_534,NCBIGene:7157,TP53,biolink:genetically_associated_with,MONDO:0004992,cancer,logical_entailment,automated_agent,infores:automat-robokop
Q3,NCBIGene:7157,MONDO:0004992,e_196_e_535,NCBIGene:7157,TP53,biolink:genetically_associated_with,MONDO:0004992,cancer,logical_entailment,automated_agent,infores:automat-robokop
Q3,NCBIGene:7157,MONDO:0004992,e_197_e_536,NCBIGene:7157,TP53,biolink:genetically_associated_with,MONDO:0004992,cancer,logical_entailment,automated_agent,infores:automat-robokop
Q3,NCBIGene:7157,MONDO:0004992,e_198_e_537,NCBIGene:7157,TP53,biolink:genetically_associated_with,MONDO:0004992,cancer,logical_entailment,automated_agent,infores:automat-robokop
Q3,NCBIGene:7157,MONDO:0004992,e_199_e_538,NCBIGene:7157,TP53,biolink:genetically_associated_with,MONDO:0004992,cancer,logical_entailment,automated_agent,infores:automat-robokop
Q3,NCBIGene:7157,MONDO:0004992,e_200_e_539,NCBIGene:7157,TP53,biolink:genetically_associated_with,MONDO:0004992,cancer,logical_entailment,automated_agent,infores:automat-robokop
Q3,NCBIGene:7157,MONDO:0004992,e_201_e_540,NCBIGene:7157,TP53,biolink:genetically_associated_with,MONDO:0004992,cancer,logical_entailment,automated_agent,infores:automat-robokop
Q3,NCBIGene:7157,MONDO:0004992,e_202_e_541,NCBIGene:7157,TP53,biolink:genetically_associated_with,MONDO:0004992,cancer,logical_entailment,automated_agent,infores:automat-robokop
Q3,NCBIGene:7157,MONDO:0004992,e_203_e_445,NCBIGene:7157,TP53,biolink:genetically_associated_with,MONDO:0004992,cancer,logical_entailment,automated_agent,infores:automat-robokop
Q3,NCBIGene:7157,MONDO:0004992,e_204_e_530,NCBIGene:7157,TP53,biolink:genetically_associated_with,MONDO:0004992,cancer,logical_entailment,automated_agent,infores:automat-robokop
Q3,NCBIGene:7157,MONDO:0004992,e_205_e_527,NCBIGene:7157,TP53,biolink:genetically_associated_with,MONDO:0004992,cancer,logical_entailment,automated_agent,infores:automat-robokop
Q3,NCBIGene:7157,MONDO:0004992,e_206_e_542,NCBIGene:7157,TP53,biolink:genetically_associated_with,MONDO:0004992,cancer,logical_entailment,automated_agent,infores:automat-robokop
Q3,NCBIGene:7157,MONDO:0004992,e_207_e_422,NCBIGene:7157,TP53,biolink:genetically_associated_with,MONDO:0004992,cancer,logical_entailment,automated_agent,infores:automat-robokop
Q3,NCBIGene:7157,MONDO:0004992,e_208_e_539,NCBIGene:7157,TP53,biolink:genetically_associated_with,MONDO:0004992,cancer,logical_entailment,automated_agent,infores:automat-robokop
Q3,NCBIGene:7157,MONDO:0004992,e_209_e_424,NCBIGene:7157,TP53,biolink:genetically_associated_with,MONDO:0004992,cancer,logical_entailment,automated_agent,infores:automat-robokop
Q3,NCBIGene:7157,MONDO:0004992,e_210_e_432,NCBIGene:7157,TP53,biolink:genetically_associated_with,MONDO:0004992,cancer,logical_entailment,automated_agent,infores:automat-robokop
Q3,NCBIGene:7157,MONDO:0004992,e_211_e_543,NCBIGene:7157,TP53,biolink:genetically_associated_with,MONDO:0004992,cancer,logical_entailment,automated_agent,infores:automat-robokop
Q3,NCBIGene:7157,MONDO:0004992,e_212,NCBIGene:7157,TP53,biolink:genetically_associated_with,MONDO:0004992,cancer,not_provided,not_provided,infores:automat-robokop;infores:disgenet;infores:pharos
Q3,NCBIGene:7157,MONDO:0004992,e_213_e_419,NCBIGene:7157,TP53,biolink:genetically_associated_with,MONDO:0004992,cancer,logical_entailment,automated_agent,infores:automat-robokop
Q3,NCBIGene:7157,MONDO:0004992,e_214_e_506,NCBIGene:7157,TP53,biolink:genetically_associated_with,MONDO:0004992,cancer,logical_entailment,automated_agent,infores:automat-robokop
Q3,NCBIGene:7157,MONDO:0004992,e_215_e_544,NCBIGene:7157,TP53,biolink:genetically_associated_with,MONDO:0004992,cancer,logical_entailment,automated_agent,infores:automat-robokop
Q3,NCBIGene:7157,MONDO:0004992,e_216_e_422,NCBIGene:7157,TP53,biolink:genetically_associated_with,MONDO:0004992,cancer,logical_entailment,automated_agent,infores:automat-robokop
Q3,NCBIGene:7157,MONDO:0004992,e_217_e_545,NCBIGene:7157,TP53,biolink:genetically_associated_with,MONDO:0004992,cancer,logical_entailment,automated_agent,infores:automat-robokop
Q3,NCBIGene:7157,MONDO:0004992,e_218_e_546,NCBIGene:7157,TP53,biolink:genetically_associated_with,MONDO:0004992,cancer,logical_entailment,automated_agent,infores:automat-robokop
Q3,NCBIGene:7157,MONDO:0004992,e_219_e_533,NCBIGene:7157,TP53,biolink:genetically_associated_with,MONDO:0004992,cancer,logical_entailment,automated_agent,infores:automat-robokop
Q3,NCBIGene:7157,MONDO:0004992,e_220_e_542,NCBIGene:7157,TP53,biolink:genetically_associated_with,MONDO:0004992,cancer,logical_entailment,automated_agent,infores:automat-robokop
Q3,NCBIGene:7157,MONDO:0004992,e_221_e_524,NCBIGene:7157,TP53,biolink:genetically_associated_with,MONDO:0004992,cancer,logical_entailment,automated_agent,infores:automat-robokop
Q3,NCBIGene:7157,MONDO:0004992,e_222_e_547,NCBIGene:7157,TP53,biolink:genetically_associated_with,MONDO:0004992,cancer,logical_entailment,automated_agent,infores:automat-robokop
Q3,NCBIGene:7157,MONDO:0004992,e_223_e_548,NCBIGene:7157,TP53,biolink:genetically_associated_with,MONDO:0004992,cancer,logical_entailment,automated_agent,infores:automat-robokop
Q3,NCBIGene:7157,MONDO:0004992,e_224_e_529,NCBIGene:7157,TP53,biolink:genetically_associated_with,MONDO:0004992,cancer,logical_entailment,automated_agent,infores:automat-robokop
Q3,NCBIGene:7157,MONDO:0004992,e_225_e_545,NCBIGene:7157,TP53,biolink:genetically_associated_with,MONDO:0004992,cancer,logical_entailment,automated_agent,infores:automat-robokop
Q3,NCBIGene:7157,MONDO:0004992,e_226_e_471,NCBIGene:7157,TP53,biolink:genetically_associated_with,MONDO:0004992,cancer,logical_entailment,automated_agent,infores:automat-robokop
Q3,NCBIGene:7157,MONDO:0004992,e_227_e_468,NCBIGene:7157,TP53,biolink:genetically_associated_with,MONDO:0004992,cancer,logical_entailment,automated_agent,infores:automat-robokop
Q3,NCBIGene:7157,MONDO:0004992,e_228_e_549,NCBIGene:7157,TP53,biolink:genetically_associated_with,MONDO:0004992,cancer,logical_entailment,automated_agent,infores:automat-robokop
Q3,NCBIGene:7157,MONDO:0004992,e_229_e_413,NCBIGene:7157,TP53,biolink:genetically_associated_with,MONDO:0004992,cancer,logical_entailment,automated_agent,infores:automat-robokop
Q3,NCBIGene:7157,MONDO:0004992,e_230_e_550,NCBIGene:7157,TP53,biolink:genetically_associated_with,MONDO:0004992,cancer,logical_entailment,automated_agent,infores:automat-robokop
Q3,NCBIGene:7157,MONDO:0004992,e_231_e_471,NCBIGene:7157,TP53,biolink:genetically_associated_with,MONDO:0004992,cancer,logical_entailment,automated_agent,infores:automat-robokop
Q3,NCBIGene:7157,MONDO:0004992,e_232_e_551,NCBIGene:7157,TP53,biolink:genetically_associated_with,MONDO:0004992,cancer,logical_entailment,automated_agent,infores:automat-robokop
Q3,NCBIGene:7157,MONDO:0004992,e_233_e_421,NCBIGene:7157,TP53,biolink:genetically_associated_with,MONDO:0004992,cancer,logical_entailment,automated_agent,infores:automat-robokop
Q3,NCBIGene:7157,MONDO:0004992,e_234_e_432,NCBIGene:7157,TP53,biolink:genetically_associated_with,MONDO:0004992,cancer,logical_entailment,automated_agent,infores:automat-robokop
Q3,NCBIGene:7157,MONDO:0004992,e_235_e_452,NCBIGene:7157,TP53,biolink:genetically_associated_with,MONDO:0004992,cancer,logical_entailment,automated_agent,infores:automat-robokop
Q3,NCBIGene:7157,MONDO:0004992,e_236_e_420,NCBIGene:7157,TP53,biolink:genetically_associated_with,MONDO:0004992,cancer,logical_entailment,automated_agent,infores:automat-robokop
Q3,NCBIGene:7157,MONDO:0004992,e_237_e_536,NCBIGene:7157,TP53,biolink:genetically_associated_with,MONDO:0004992,cancer,logical_entailment,automated_agent,infores:automat-robokop
Q3,NCBIGene:7157,MONDO:0004992,e_238_e_446,NCBIGene:7157,TP53,biolink:genetically_associated_with,MONDO:0004992,cancer,logical_entailment,automated_agent,infores:automat-robokop
Q3,NCBIGene:7157,MONDO:0004992,e_239_e_447,NCBIGene:7157,TP53,biolink:genetically_associated_with,MONDO:0004992,cancer,logical_entailment,automated_agent,infores:automat-robokop
Q3,NCBIGene:7157,MONDO:0004992,e_240_e_444,NCBIGene:7157,TP53,biolink:genetically_associated_with,MONDO:0004992,cancer,logical_entailment,automated_agent,infores:automat-robokop
Q3,NCBIGene:7157,MONDO:0004992,e_241_e_552,NCBIGene:7157,TP53,biolink:genetically_associated_with,MONDO:0004992,cancer,logical_entailment,automated_agent,infores:automat-robokop
Q3,NCBIGene:7157,MONDO:0004992,e_242_e_526,NCBIGene:7157,TP53,biolink:genetically_associated_with,MONDO:0004992,cancer,logical_entailment,automated_agent,infores:automat-robokop
Q3,NCBIGene:7157,MONDO:0004992,e_243_e_497,NCBIGene:7157,TP53,biolink:genetically_associated_with,MONDO:0004992,cancer,logical_entailment,automated_agent,infores:automat-robokop
Q3,NCBIGene:7157,MONDO:0004992,e_244_e_553,NCBIGene:7157,TP53,biolink:genetically_associated_with,MONDO:0004992,cancer,logical_entailment,automated_agent,infores:automat-robokop
Q3,NCBIGene:7157,MONDO:0004992,e_245_e_503,NCBIGene:7157,TP53,biolink:genetically_associated_with,MONDO:0004992,cancer,logical_entailment,automated_agent,infores:automat-robokop
Q3,NCBIGene:7157,MONDO:0004992,e_246_e_554,NCBIGene:7157,TP53,biolink:genetically_associated_with,MONDO:0004992,cancer,logical_entailment,automated_agent,infores:automat-robokop
Q3,NCBIGene:7157,MONDO:0004992,e_247_e_513,NCBIGene:7157,TP53,biolink:genetically_associated_with,MONDO:0004992,cancer,logical_entailment,automated_agent,infores:automat-robokop
Q3,NCBIGene:7157,MONDO:0004992,e_248_e_472,NCBIGene:7157,TP53,biolink:genetically_associated_with,MONDO:0004992,cancer,logical_entailment,automated_agent,infores:automat-robokop
Q3,NCBIGene:7157,MONDO:0004992,e_249_e_555,NCBIGene:7157,TP53,biolink:genetically_associated_with,MONDO:0004992,cancer,logical_entailment,automated_agent,infores:automat-robokop
Q3,NCBIGene:7157,MONDO:0004992,e_250_e_484,NCBIGene:7157,TP53,biolink:genetically_associated_with,MONDO:0004992,cancer,logical_entailment,automated_agent,infores:automat-robokop
Q3,NCBIGene:7157,MONDO:0004992,e_251_e_449,NCBIGene:7157,TP53,biolink:genetically_associated_with,MONDO:0004992,cancer,logical_entailment,automated_agent,infores:automat-robokop
Q3,NCBIGene:7157,MONDO:0004992,e_252_e_433,NCBIGene:7157,TP53,biolink:genetically_associated_with,MONDO:0004992,cancer,logical_entailment,automated_agent,infores:automat-robokop
Q3,NCBIGene:7157,MONDO:0004992,e_253_e_464,NCBIGene:7157,TP53,biolink:genetically_associated_with,MONDO:0004992,cancer,logical_entailment,automated_agent,infores:automat-robokop
Q3,NCBIGene:7157,MONDO:0004992,e_254_e_556,NCBIGene:7157,TP53,biolink:genetically_associated_with,MONDO:0004992,cancer,logical_entailment,automated_agent,infores:automat-robokop
Q3,NCBIGene:7157,MONDO:0004992,e_255_e_557,NCBIGene:7157,TP53,biolink:genetically_associated_with,MONDO:0004992,cancer,logical_entailment,automated_agent,infores:automat-robokop
Q3,NCBIGene:7157,MONDO:0004992,e_256_e_515,NCBIGene:7157,TP53,biolink:genetically_associated_with,MONDO:0004992,cancer,logical_entailment,automated_agent,infores:automat-robokop
Q3,NCBIGene:7157,MONDO:0004992,e_257_e_530,NCBIGene:7157,TP53,biolink:genetically_associated_with,MONDO:0004992,cancer,logical_entailment,automated_agent,infores:automat-robokop
Q3,NCBIGene:7157,MONDO:0004992,e_258_e_431,NCBIGene:7157,TP53,biolink:genetically_associated_with,MONDO:0004992,cancer,logical_entailment,automated_agent,infores:automat-robokop
Q3,NCBIGene:7157,MONDO:0004992,e_259_e_518,NCBIGene:7157,TP53,biolink:genetically_associated_with,MONDO:0004992,cancer,logical_entailment,automated_agent,infores:automat-robokop
Q3,NCBIGene:7157,MONDO:0004992,e_260_e_558,NCBIGene:7157,TP53,biolink:genetically_associated_with,MONDO:0004992,cancer,logical_entailment,automated_agent,infores:automat-robokop
Q3,NCBIGene:7157,MONDO:0004992,e_261_e_487,NCBIGene:7157,TP53,biolink:genetically_associated_with,MONDO:0004992,cancer,logical_entailment,automated_agent,infores:automat-robokop
Q3,NCBIGene:7157,MONDO:0004992,e_262_e_452,NCBIGene:7157,TP53,biolink:genetically_associated_with,MONDO:0004992,cancer,logical_entailment,automated_agent,infores:automat-robokop
Q3,NCBIGene:7157,MONDO:0004992,e_263_e_420,NCBIGene:7157,TP53,biolink:genetically_associated_with,MONDO:0004992,cancer,logical_entailment,automated_agent,infores:automat-robokop
Q3,NCBIGene:7157,MONDO:0004992,e_264_e_518,NCBIGene:7157,TP53,biolink:genetically_associated_with,MONDO:0004992,cancer,logical_entailment,automated_agent,infores:automat-robokop
Q3,NCBIGene:7157,MONDO:0004992,e_265_e_559,NCBIGene:7157,TP53,biolink:genetically_associated_with,MONDO:0004992,cancer,logical_entailment,automated_agent,infores:automat-robokop
Q3,NCBIGene:7157,MONDO:0004992,e_266_e_532,NCBIGene:7157,TP53,biolink:genetically_associated_with,MONDO:0004992,cancer,logical_entailment,automated_agent,infores:automat-robokop
Q3,NCBIGene:7157,MONDO:0004992,e_267_e_437,NCBIGene:7157,TP53,biolink:genetically_associated_with,MONDO:0004992,cancer,logical_entailment,automated_agent,infores:automat-robokop
Q3,NCBIGene:7157,MONDO:0004992,e_268_e_560,NCBIGene:7157,TP53,biolink:genetically_associated_with,MONDO:0004992,cancer,logical_entailment,automated_agent,infores:automat-robokop
Q3,NCBIGene:7157,MONDO:0004992,e_269_e_561,NCBIGene:7157,TP53,biolink:genetically_associated_with,MONDO:0004992,cancer,logical_entailment,automated_agent,infores:automat-robokop
Q3,NCBIGene:7157,MONDO:0004992,e_270_e_513,NCBIGene:7157,TP53,biolink:genetically_associated_with,MONDO:0004992,cancer,logical_entailment,automated_agent,infores:automat-robokop
Q3,NCBIGene:7157,MONDO:0004992,e_271_e_430,NCBIGene:7157,TP53,biolink:genetically_associated_with,MONDO:0004992,cancer,logical_entailment,automated_agent,infores:automat-robokop
Q3,NCBIGene:7157,MONDO:0004992,e_272_e_536,NCBIGene:7157,TP53,biolink:genetically_associated_with,MONDO:0004992,cancer,logical_entailment,automated_agent,infores:automat-robokop
Q3,NCBIGene:7157,MONDO:0004992,e_273_e_480,NCBIGene:7157,TP53,biolink:genetically_associated_with,MONDO:0004992,cancer,logical_entailment,automated_agent,infores:automat-robokop
Q3,NCBIGene:7157,MONDO:0004992,e_274_e_427,NCBIGene:7157,TP53,biolink:genetically_associated_with,MONDO:0004992,cancer,logical_entailment,automated_agent,infores:automat-robokop
Q3,NCBIGene:7157,MONDO:0004992,e_275_e_541,NCBIGene:7157,TP53,biolink:genetically_associated_with,MONDO:0004992,cancer,logical_entailment,automated_agent,infores:automat-robokop
Q3,NCBIGene:7157,MONDO:0004992,e_276_e_417,NCBIGene:7157,TP53,biolink:genetically_associated_with,MONDO:0004992,cancer,logical_entailment,automated_agent,infores:automat-robokop
Q3,NCBIGene:7157,MONDO:0004992,e_277_e_562,NCBIGene:7157,TP53,biolink:genetically_associated_with,MONDO:0004992,cancer,logical_entailment,automated_agent,infores:automat-robokop
Q3,NCBIGene:7157,MONDO:0004992,e_278_e_458,NCBIGene:7157,TP53,biolink:genetically_associated_with,MONDO:0004992,cancer,logical_entailment,automated_agent,infores:automat-robokop
Q3,NCBIGene:7157,MONDO:0004992,e_279_e_423,NCBIGene:7157,TP53,biolink:genetically_associated_with,MONDO:0004992,cancer,logical_entailment,automated_agent,infores:automat-robokop
Q3,NCBIGene:7157,MONDO:0004992,e_280_e_529,NCBIGene:7157,TP53,biolink:genetically_associated_with,MONDO:0004992,cancer,logical_entailment,automated_agent,infores:automat-robokop
Q3,NCBIGene:7157,MONDO:0004992,e_281_e_513,NCBIGene:7157,TP53,biolink:genetically_associated_with,MONDO:0004992,cancer,logical_entailment,automated_agent,infores:automat-robokop
Q3,NCBIGene:7157,MONDO:0004992,e_282_e_525,NCBIGene:7157,TP53,biolink:genetically_associated_with,MONDO:0004992,cancer,logical_entailment,automated_agent,infores:automat-robokop
Q3,NCBIGene:7157,MONDO:0004992,e_283_e_533,NCBIGene:7157,TP53,biolink:genetically_associated_with,MONDO:0004992,cancer,logical_entailment,automated_agent,infores:automat-robokop
Q3,NCBIGene:7157,MONDO:0004992,e_284_e_563,NCBIGene:7157,TP53,biolink:genetically_associated_with,MONDO:0004992,cancer,logical_entailment,automated_agent,infores:automat-robokop
Q3,NCBIGene:7157,MONDO:0004992,e_285_e_564,NCBIGene:7157,TP53,biolink:genetically_associated_with,MONDO:0004992,cancer,logical_entailment,automated_agent,infores:automat-robokop
Q3,NCBIGene:7157,MONDO:0004992,e_286_e_436,NCBIGene:7157,TP53,biolink:genetically_associated_with,MONDO:0004992,cancer,logical_entailment,automated_agent,infores:automat-robokop
Q3,NCBIGene:7157,MONDO:0004992,e_287_e_428,NCBIGene:7157,TP53,biolink:genetically_associated_with,MONDO:0004992,cancer,logical_entailment,automated_agent,infores:automat-robokop
Q3,NCBIGene:7157,MONDO:0004992,e_288_e_561,NCBIGene:7157,TP53,biolink:genetically_associated_with,MONDO:0004992,cancer,logical_entailment,automated_agent,infores:automat-robokop
Q3,NCBIGene:7157,MONDO:0004992,e_289_e_445,NCBIGene:7157,TP53,biolink:genetically_associated_with,MONDO:0004992,cancer,logical_entailment,automated_agent,infores:automat-robokop
Q3,NCBIGene:7157,MONDO:0004992,e_290_e_499,NCBIGene:7157,TP53,biolink:genetically_associated_with,MONDO:0004992,cancer,logical_entailment,automated_agent,infores:automat-robokop
Q3,NCBIGene:7157,MONDO:0004992,e_291_e_565,NCBIGene:7157,TP53,biolink:genetically_associated_with,MONDO:0004992,cancer,logical_entailment,automated_agent,infores:automat-robokop
Q3,NCBIGene:7157,MONDO:0004992,e_292_e_566,NCBIGene:7157,TP53,biolink:genetically_associated_with,MONDO:0004992,cancer,logical_entailment,automated_agent,infores:automat-robokop
Q3,NCBIGene:7157,MONDO:0004992,e_293_e_535,NCBIGene:7157,TP53,biolink:genetically_associated_with,MONDO:0004992,cancer,logical_entailment,automated_agent,infores:automat-robokop
Q3,NCBIGene:7157,MONDO:0004992,e_294_e_519,NCBIGene:7157,TP53,biolink:genetically_associated_with,MONDO:0004992,cancer,logical_entailment,automated_agent,infores:automat-robokop
Q3,NCBIGene:7157,MONDO:0004992,e_295_e_567,NCBIGene:7157,TP53,biolink:genetically_associated_with,MONDO:0004992,cancer,logical_entailment,automated_agent,infores:automat-robokop
Q3,NCBIGene:7157,MONDO:0004992,e_296_e_568,NCBIGene:7157,TP53,biolink:genetically_associated_with,MONDO:0004992,cancer,logical_entailment,automated_agent,infores:automat-robokop
Q3,NCBIGene:7157,MONDO:0004992,e_297_e_505,NCBIGene:7157,TP53,biolink:genetically_associated_with,MONDO:0004992,cancer,logical_entailment,automated_agent,infores:automat-robokop
Q3,NCBIGene:7157,MONDO:0004992,e_298_e_569,NCBIGene:7157,TP53,biolink:genetically_associated_with,MONDO:0004992,cancer,logical_entailment,automated_agent,infores:automat-robokop
Q3,NCBIGene:7157,MONDO:0004992,e_299_e_461,NCBIGene:7157,TP53,biolink:genetically_associated_with,MONDO:0004992,cancer,logical_entailment,automated_agent,infores:automat-robokop
Q3,NCBIGene:7157,MONDO:0004992,e_300_e_431,NCBIGene:7157,TP53,biolink:genetically_associated_with,MONDO:0004992,cancer,logical_entailment,automated_agent,infores:automat-robokop
Q3,NCBIGene:7157,MONDO:0004992,e_301_e_570,NCBIGene:7157,TP53,biolink:genetically_associated_with,MONDO:0004992,cancer,logical_entailment,automated_agent,infores:automat-robokop
Q3,NCBIGene:7157,MONDO:0004992,e_302_e_523,NCBIGene:7157,TP53,biolink:genetically_associated_with,MONDO:0004992,cancer,logical_entailment,automated_agent,infores:automat-robokop
Q3,NCBIGene:7157,MONDO:0004992,e_303_e_414,NCBIGene:7157,TP53,biolink:genetically_associated_with,MONDO:0004992,cancer,logical_entailment,automated_agent,infores:automat-robokop
Q3,NCBIGene:7157,MONDO:0004992,e_304_e_511,NCBIGene:7157,TP53,biolink:genetically_associated_with,MONDO:0004992,cancer,logical_entailment,automated_agent,infores:automat-robokop
Q3,NCBIGene:7157,MONDO:0004992,e_305_e_565,NCBIGene:7157,TP53,biolink:genetically_associated_with,MONDO:0004992,cancer,logical_entailment,automated_agent,infores:automat-robokop
Q3,NCBIGene:7157,MONDO:0004992,e_306_e_536,NCBIGene:7157,TP53,biolink:genetically_associated_with,MONDO:0004992,cancer,logical_entailment,automated_agent,infores:automat-robokop
Q3,NCBIGene:7157,MONDO:0004992,e_307_e_571,NCBIGene:7157,TP53,biolink:genetically_associated_with,MONDO:0004992,cancer,logical_entailment,automated_agent,infores:automat-robokop
Q3,NCBIGene:7157,MONDO:0004992,e_308_e_572,NCBIGene:7157,TP53,biolink:genetically_associated_with,MONDO:0004992,cancer,logical_entailment,automated_agent,infores:automat-robokop
Q3,NCBIGene:7157,MONDO:0004992,e_309_e_437,NCBIGene:7157,TP53,biolink:genetically_associated_with,MONDO:0004992,cancer,logical_entailment,automated_agent,infores:automat-robokop
Q3,NCBIGene:7157,MONDO:0004992,e_310_e_559,NCBIGene:7157,TP53,biolink:genetically_associated_with,MONDO:0004992,cancer,logical_entailment,automated_agent,infores:automat-robokop
Q3,NCBIGene:7157,MONDO:0004992,e_311_e_558,NCBIGene:7157,TP53,biolink:genetically_associated_with,MONDO:0004992,cancer,logical_entailment,automated_agent,infores:automat-robokop
Q3,NCBIGene:7157,MONDO:0004992,e_312_e_469,NCBIGene:7157,TP53,biolink:genetically_associated_with,MONDO:0004992,cancer,logical_entailment,automated_agent,infores:automat-robokop
Q3,NCBIGene:7157,MONDO:0004992,e_313_e_507,NCBIGene:7157,TP53,biolink:genetically_associated_with,MONDO:0004992,cancer,logical_entailment,automated_agent,infores:automat-robokop
Q3,NCBIGene:7157,MONDO:0004992,e_314_e_468,NCBIGene:7157,TP53,biolink:genetically_associated_with,MONDO:0004992,cancer,logical_entailment,automated_agent,infores:automat-robokop
Q3,NCBIGene:7157,MONDO:0004992,e_315_e_449,NCBIGene:7157,TP53,biolink:genetically_associated_with,MONDO:0004992,cancer,logical_entailment,automated_agent,infores:automat-robokop
Q3,NCBIGene:7157,MONDO:0004992,e_316_e_445,NCBIGene:7157,TP53,biolink:genetically_associated_with,MONDO:0004992,cancer,logical_entailment,automated_agent,infores:automat-robokop
Q3,NCBIGene:7157,MONDO:0004992,e_317_e_421,NCBIGene:7157,TP53,biolink:genetically_associated_with,MONDO:0004992,cancer,logical_entailment,automated_agent,infores:automat-robokop
Q3,NCBIGene:7157,MONDO:0004992,e_318_e_573,NCBIGene:7157,TP53,biolink:genetically_associated_with,MONDO:0004992,cancer,logical_entailment,automated_agent,infores:automat-robokop
Q3,NCBIGene:7157,MONDO:0004992,e_319_e_500,NCBIGene:7157,TP53,biolink:genetically_associated_with,MONDO:0004992,cancer,logical_entailment,automated_agent,infores:automat-robokop
Q3,NCBIGene:7157,MONDO:0004992,e_320_e_574,NCBIGene:7157,TP53,biolink:genetically_associated_with,MONDO:0004992,cancer,logical_entailment,automated_agent,infores:automat-robokop
Q3,NCBIGene:7157,MONDO:0004992,e_321_e_515,NCBIGene:7157,TP53,biolink:genetically_associated_with,MONDO:0004992,cancer,logical_entailment,automated_agent,infores:automat-robokop
Q3,NCBIGene:7157,MONDO:0004992,e_322_e_410,NCBIGene:7157,TP53,biolink:genetically_associated_with,MONDO:0004992,cancer,logical_entailment,automated_agent,infores:automat-robokop
Q3,NCBIGene:7157,MONDO:0004992,e_323_e_506,NCBIGene:7157,TP53,biolink:genetically_associated_with,MONDO:0004992,cancer,logical_entailment,automated_agent,infores:automat-robokop
Q3,NCBIGene:7157,MONDO:0004992,e_324_e_525,NCBIGene:7157,TP53,biolink:genetically_associated_with,MONDO:0004992,cancer,logical_entailment,automated_agent,infores:automat-robokop
Q3,NCBIGene:7157,MONDO:0004992,e_325_e_575,NCBIGene:7157,TP53,biolink:genetically_associated_with,MONDO:0004992,cancer,logical_entailment,automated_agent,infores:automat-robokop
Q3,NCBIGene:7157,MONDO:0004992,e_326_e_544,NCBIGene:7157,TP53,biolink:genetically_associated_with,MONDO:0004992,cancer,logical_entailment,automated_agent,infores:automat-robokop
Q3,NCBIGene:7157,MONDO:0004992,e_327_e_537,NCBIGene:7157,TP53,biolink:genetically_associated_with,MONDO:0004992,cancer,logical_entailment,automated_agent,infores:automat-robokop
Q3,NCBIGene:7157,MONDO:0004992,e_328_e_576,NCBIGene:7157,TP53,biolink:genetically_associated_with,MONDO:0004992,cancer,logical_entailment,automated_agent,infores:automat-robokop
Q3,NCBIGene:7157,MONDO:0004992,e_329_e_577,NCBIGene:7157,TP53,biolink:genetically_associated_with,MONDO:0004992,cancer,logical_entailment,automated_agent,infores:automat-robokop
Q3,NCBIGene:7157,MONDO:0004992,e_330_e_468,NCBIGene:7157,TP53,biolink:genetically_associated_with,MONDO:0004992,cancer,logical_entailment,automated_agent,infores:automat-robokop
Q3,NCBIGene:7157,MONDO:0004992,e_331_e_578,NCBIGene:7157,TP53,biolink:genetically_associated_with,MONDO:0004992,cancer,logical_entailment,automated_agent,infores:automat-robokop
Q3,NCBIGene:7157,MONDO:0004992,e_332_e_533,NCBIGene:7157,TP53,biolink:genetically_associated_with,MONDO:0004992,cancer,logical_entailment,automated_agent,infores:automat-robokop
Q3,NCBIGene:7157,MONDO:0004992,e_333_e_579,NCBIGene:7157,TP53,biolink:genetically_associated_with,MONDO:0004992,cancer,logical_entailment,automated_agent,infores:automat-robokop
Q3,NCBIGene:7157,MONDO:0004992,e_334_e_580,NCBIGene:7157,TP53,biolink:genetically_associated_with,MONDO:0004992,cancer,logical_entailment,automated_agent,infores:automat-robokop
Q3,NCBIGene:7157,MONDO:0004992,e_335_e_501,NCBIGene:7157,TP53,biolink:genetically_associated_with,MONDO:0004992,cancer,logical_entailment,automated_agent,infores:automat-robokop
Q3,NCBIGene:7157,MONDO:0004992,e_336_e_428,NCBIGene:7157,TP53,biolink:genetically_associated_with,MONDO:0004992,cancer,logical_entailment,automated_agent,infores:automat-robokop
Q3,NCBIGene:7157,MONDO:0004992,e_337_e_579,NCBIGene:7157,TP53,biolink:genetically_associated_with,MONDO:0004992,cancer,logical_entailment,automated_agent,infores:automat-robokop
Q3,NCBIGene:7157,MONDO:0004992,e_338_e_562,NCBIGene:7157,TP53,biolink:genetically_associated_with,MONDO:0004992,cancer,logical_entailment,automated_agent,infores:automat-robokop
Q3,NCBIGene:7157,MONDO:0004992,e_339_e_581,NCBIGene:7157,TP53,biolink:genetically_associated_with,MONDO:0004992,cancer,logical_entailment,automated_agent,infores:automat-robokop
Q3,NCBIGene:7157,MONDO:0004992,e_340_e_413,NCBIGene:7157,TP53,biolink:genetically_associated_with,MONDO:0004992,cancer,logical_entailment,automated_agent,infores:automat-robokop
Q3,NCBIGene:7157,MONDO:0004992,e_341_e_533,NCBIGene:7157,TP53,biolink:genetically_associated_with,MONDO:0004992,cancer,logical_entailment,automated_agent,infores:automat-robokop
Q3,NCBIGene:7157,MONDO:0004992,e_342_e_542,NCBIGene:7157,TP53,biolink:genetically_associated_with,MONDO:0004992,cancer,logical_entailment,automated_agent,infores:automat-robokop
Q3,NCBIGene:7157,MONDO:0004992,e_343_e_582,NCBIGene:7157,TP53,biolink:genetically_associated_with,MONDO:0004992,cancer,logical_entailment,automated_agent,infores:automat-robokop
Q3,NCBIGene:7157,MONDO:0004992,e_344_e_550,NCBIGene:7157,TP53,biolink:genetically_associated_with,MONDO:0004992,cancer,logical_entailment,automated_agent,infores:automat-robokop
Q3,NCBIGene:7157,MONDO:0004992,e_345_e_583,NCBIGene:7157,TP53,biolink:genetically_associated_with,MONDO:0004992,cancer,logical_entailment,automated_agent,infores:automat-robokop
Q3,NCBIGene:7157,MONDO:0004992,e_346_e_412,NCBIGene:7157,TP53,biolink:genetically_associated_with,MONDO:0004992,cancer,logical_entailment,automated_agent,infores:automat-robokop
Q3,NCBIGene:7157,MONDO:0004992,e_347_e_584,NCBIGene:7157,TP53,biolink:genetically_associated_with,MONDO:0004992,cancer,logical_entailment,automated_agent,infores:automat-robokop
Q3,NCBIGene:7157,MONDO:0004992,e_348_e_444,NCBIGene:7157,TP53,biolink:genetically_associated_with,MONDO:0004992,cancer,logical_entailment,automated_agent,infores:automat-robokop
Q3,NCBIGene:7157,MONDO:0004992,e_349_e_585,NCBIGene:7157,TP53,biolink:genetically_associated_with,MONDO:0004992,cancer,logical_entailment,automated_agent,infores:automat-robokop
Q3,NCBIGene:7157,MONDO:0004992,e_350_e_581,NCBIGene:7157,TP53,biolink:genetically_associated_with,MONDO:0004992,cancer,logical_entailment,automated_agent,infores:automat-robokop
Q3,NCBIGene:7157,MONDO:0004992,e_351_e_586,NCBIGene:7157,TP53,biolink:genetically_associated_with,MONDO:0004992,cancer,logical_entailment,automated_agent,infores:automat-robokop
Q3,NCBIGene:7157,MONDO:0004992,e_352_e_587,NCBIGene:7157,TP53,biolink:genetically_associated_with,MONDO:0004992,cancer,logical_entailment,automated_agent,infores:automat-robokop
Q3,NCBIGene:7157,MONDO:0004992,e_353_e_414,NCBIGene:7157,TP53,biolink:genetically_associated_with,MONDO:0004992,cancer,logical_entailment,automated_agent,infores:automat-robokop
Q3,NCBIGene:7157,MONDO:0004992,e_354_e_588,NCBIGene:7157,TP53,biolink:genetically_associated_with,MONDO:0004992,cancer,logical_entailment,automated_agent,infores:automat-robokop
Q3,NCBIGene:7157,MONDO:0004992,e_355_e_589,NCBIGene:7157,TP53,biolink:genetically_associated_with,MONDO:0004992,cancer,logical_entailment,automated_agent,infores:automat-robokop
Q3,NCBIGene:7157,MONDO:0004992,e_356_e_502,NCBIGene:7157,TP53,biolink:genetically_associated_with,MONDO:0004992,cancer,logical_entailment,automated_agent,infores:automat-robokop
Q3,NCBIGene:7157,MONDO:0004992,e_357_e_457,NCBIGene:7157,TP53,biolink:genetically_associated_with,MONDO:0004992,cancer,logical_entailment,automated_agent,infores:automat-robokop
Q3,NCBIGene:7157,MONDO:0004992,e_358_e_497,NCBIGene:7157,TP53,biolink:genetically_associated_with,MONDO:0004992,cancer,logical_entailment,automated_agent,infores:automat-robokop
Q3,NCBIGene:7157,MONDO:0004992,e_359_e_518,NCBIGene:7157,TP53,biolink:genetically_associated_with,MONDO:0004992,cancer,logical_entailment,automated_agent,infores:automat-robokop
Q3,NCBIGene:7157,MONDO:0004992,e_360_e_469,NCBIGene:7157,TP53,biolink:genetically_associated_with,MONDO:0004992,cancer,logical_entailment,automated_agent,infores:automat-robokop
Q3,NCBIGene:7157,MONDO:0004992,e_361_e_422,NCBIGene:7157,TP53,biolink:genetically_associated_with,MONDO:0004992,cancer,logical_entailment,automated_agent,infores:automat-robokop
Q3,NCBIGene:7157,MONDO:0004992,e_362_e_471,NCBIGene:7157,TP53,biolink:genetically_associated_with,MONDO:0004992,cancer,logical_entailment,automated_agent,infores:automat-robokop
Q3,NCBIGene:7157,MONDO:0004992,e_363_e_558,NCBIGene:7157,TP53,biolink:genetically_associated_with,MONDO:0004992,cancer,logical_entailment,automated_agent,infores:automat-robokop
Q3,NCBIGene:7157,MONDO:0004992,e_364_e_482,NCBIGene:7157,TP53,biolink:genetically_associated_with,MONDO:0004992,cancer,logical_entailment,automated_agent,infores:automat-robokop
Q3,NCBIGene:7157,MONDO:0004992,e_365_e_529,NCBIGene:7157,TP53,biolink:genetically_associated_with,MONDO:0004992,cancer,logical_entailment,automated_agent,infores:automat-robokop
Q3,NCBIGene:7157,MONDO:0004992,e_366_e_418,NCBIGene:7157,TP53,biolink:genetically_associated_with,MONDO:0004992,cancer,logical_entailment,automated_agent,infores:automat-robokop
Q3,NCBIGene:7157,MONDO:0004992,e_367_e_550,NCBIGene:7157,TP53,biolink:genetically_associated_with,MONDO:0004992,cancer,logical_entailment,automated_agent,infores:automat-robokop
Q3,NCBIGene:7157,MONDO:0004992,e_368_e_436,NCBIGene:7157,TP53,biolink:genetically_associated_with,MONDO:0004992,cancer,logical_entailment,automated_agent,infores:automat-robokop
Q3,NCBIGene:7157,MONDO:0004992,e_369_e_410,NCBIGene:7157,TP53,biolink:genetically_associated_with,MONDO:0004992,cancer,logical_entailment,automated_agent,infores:automat-robokop
Q3,NCBIGene:7157,MONDO:0004992,e_370_e_450,NCBIGene:7157,TP53,biolink:genetically_associated_with,MONDO:0004992,cancer,logical_entailment,automated_agent,infores:automat-robokop
Q3,NCBIGene:7157,MONDO:0004992,e_371_e_410,NCBIGene:7157,TP53,biolink:genetically_associated_with,MONDO:0004992,cancer,logical_entailment,automated_agent,infores:automat-robokop
Q3,NCBIGene:7157,MONDO:0004992,e_372_e_478,NCBIGene:7157,TP53,biolink:genetically_associated_with,MONDO:0004992,cancer,logical_entailment,automated_agent,infores:automat-robokop
Q3,NCBIGene:7157,MONDO:0004992,e_373_e_448,NCBIGene:7157,TP53,biolink:genetically_associated_with,MONDO:0004992,cancer,logical_entailment,automated_agent,infores:automat-robokop
Q3,NCBIGene:7157,MONDO:0004992,e_374_e_469,NCBIGene:7157,TP53,biolink:genetically_associated_with,MONDO:0004992,cancer,logical_entailment,automated_agent,infores:automat-robokop
Q3,NCBIGene:7157,MONDO:0004992,e_375_e_428,NCBIGene:7157,TP53,biolink:genetically_associated_with,MONDO:0004992,cancer,logical_entailment,automated_agent,infores:automat-robokop
Q3,NCBIGene:7157,MONDO:0004992,e_376_e_590,NCBIGene:7157,TP53,biolink:genetically_associated_with,MONDO:0004992,cancer,logical_entailment,automated_agent,infores:automat-robokop
Q3,NCBIGene:7157,MONDO:0004992,e_377_e_419,NCBIGene:7157,TP53,biolink:genetically_associated_with,MONDO:0004992,cancer,logical_entailment,automated_agent,infores:automat-robokop
Q3,NCBIGene:7157,MONDO:0004992,e_378_e_432,NCBIGene:7157,TP53,biolink:genetically_associated_with,MONDO:0004992,cancer,logical_entailment,automated_agent,infores:automat-robokop
Q3,NCBIGene:7157,MONDO:0004992,e_379_e_591,NCBIGene:7157,TP53,biolink:genetically_associated_with,MONDO:0004992,cancer,logical_entailment,automated_agent,infores:automat-robokop
Q3,NCBIGene:7157,MONDO:0004992,e_380_e_540,NCBIGene:7157,TP53,biolink:genetically_associated_with,MONDO:0004992,cancer,logical_entailment,automated_agent,infores:automat-robokop
Q3,NCBIGene:7157,MONDO:0004992,e_381_e_521,NCBIGene:7157,TP53,biolink:genetically_associated_with,MONDO:0004992,cancer,logical_entailment,automated_agent,infores:automat-robokop
Q3,NCBIGene:7157,MONDO:0004992,e_382_e_592,NCBIGene:7157,TP53,biolink:genetically_associated_with,MONDO:0004992,cancer,logical_entailment,automated_agent,infores:automat-robokop
Q3,NCBIGene:7157,MONDO:0004992,e_383_e_593,NCBIGene:7157,TP53,biolink:genetically_associated_with,MONDO:0004992,cancer,logical_entailment,automated_agent,infores:automat-robokop
Q3,NCBIGene:7157,MONDO:0004992,e_384_e_469,NCBIGene:7157,TP53,biolink:genetically_associated_with,MONDO:0004992,cancer,logical_entailment,automated_agent,infores:automat-robokop
Q3,NCBIGene:7157,MONDO:0004992,e_385_e_586,NCBIGene:7157,TP53,biolink:genetically_associated_with,MONDO:0004992,cancer,logical_entailment,automated_agent,infores:automat-robokop
Q3,NCBIGene:7157,MONDO:0004992,e_386_e_513,NCBIGene:7157,TP53,biolink:genetically_associated_with,MONDO:0004992,cancer,logical_entailment,automated_agent,infores:automat-robokop
Q3,NCBIGene:7157,MONDO:0004992,e_387_e_465,NCBIGene:7157,TP53,biolink:genetically_associated_with,MONDO:0004992,cancer,logical_entailment,automated_agent,infores:automat-robokop
Q3,NCBIGene:7157,MONDO:0004992,e_388_e_556,NCBIGene:7157,TP53,biolink:genetically_associated_with,MONDO:0004992,cancer,logical_entailment,automated_agent,infores:automat-robokop
Q3,NCBIGene:7157,MONDO:0004992,e_389_e_413,NCBIGene:7157,TP53,biolink:genetically_associated_with,MONDO:0004992,cancer,logical_entailment,automated_agent,infores:automat-robokop
Q3,NCBIGene:7157,MONDO:0004992,e_390_e_594,NCBIGene:7157,TP53,biolink:genetically_associated_with,MONDO:0004992,cancer,logical_entailment,automated_agent,infores:automat-robokop
Q3,NCBIGene:7157,MONDO:0004992,e_391_e_595,NCBIGene:7157,TP53,biolink:genetically_associated_with,MONDO:0004992,cancer,logical_entailment,automated_agent,infores:automat-robokop
Q3,NCBIGene:7157,MONDO:0004992,e_392_e_504,NCBIGene:7157,TP53,biolink:genetically_associated_with,MONDO:0004992,cancer,logical_entailment,automated_agent,infores:automat-robokop
Q3,NCBIGene:7157,MONDO:0004992,e_393_e_473,NCBIGene:7157,TP53,biolink:genetically_associated_with,MONDO:0004992,cancer,logical_entailment,automated_agent,infores:automat-robokop
Q3,NCBIGene:7157,MONDO:0004992,e_394_e_557,NCBIGene:7157,TP53,biolink:genetically_associated_with,MONDO:0004992,cancer,logical_entailment,automated_agent,infores:automat-robokop
Q3,NCBIGene:7157,MONDO:0004992,e_395_e_596,NCBIGene:7157,TP53,biolink:genetically_associated_with,MONDO:0004992,cancer,logical_entailment,automated_agent,infores:automat-robokop
Q3,NCBIGene:7157,MONDO:0004992,e_396_e_437,NCBIGene:7157,TP53,biolink:genetically_associated_with,MONDO:0004992,cancer,logical_entailment,automated_agent,infores:automat-robokop
Q3,NCBIGene:7157,MONDO:0004992,e_397_e_583,NCBIGene:7157,TP53,biolink:genetically_associated_with,MONDO:0004992,cancer,logical_entailment,automated_agent,infores:automat-robokop
Q3,NCBIGene:7157,MONDO:0004992,e_398_e_428,NCBIGene:7157,TP53,biolink:genetically_associated_with,MONDO:0004992,cancer,logical_entailment,automated_agent,infores:automat-robokop
Q3,NCBIGene:7157,MONDO:0004992,e_399_e_556,NCBIGene:7157,TP53,biolink:genetically_associated_with,MONDO:0004992,cancer,logical_entailment,automated_agent,infores:automat-robokop
Q3,NCBIGene:7157,MONDO:0004992,e_400_e_597,NCBIGene:7157,TP53,biolink:genetically_associated_with,MONDO:0004992,cancer,logical_entailment,automated_agent,infores:automat-robokop
Q3,NCBIGene:7157,MONDO:0004992,e_401_e_545,NCBIGene:7157,TP53,biolink:genetically_associated_with,MONDO:0004992,cancer,logical_entailment,automated_agent,infores:automat-robokop
Q3,NCBIGene:7157,MONDO:0004992,e_402_e_436,NCBIGene:7157,TP53,biolink:genetically_associated_with,MONDO:0004992,cancer,logical_entailment,automated_agent,infores:automat-robokop
Q3,NCBIGene:7157,MONDO:0004992,e_403_e_413,NCBIGene:7157,TP53,biolink:genetically_associated_with,MONDO:0004992,cancer,logical_entailment,automated_agent,infores:automat-robokop
Q3,NCBIGene:7157,MONDO:0004992,e_404_e_410,NCBIGene:7157,TP53,biolink:genetically_associated_with,MONDO:0004992,cancer,logical_entailment,automated_agent,infores:automat-robokop
Q3,NCBIGene:7157,MONDO:0004992,e_405_e_515,NCBIGene:7157,TP53,biolink:genetically_associated_with,MONDO:0004992,cancer,logical_entailment,automated_agent,infores:automat-robokop
Q3,NCBIGene:7157,MONDO:0004992,e_406_e_598,NCBIGene:7157,TP53,biolink:genetically_associated_with,MONDO:0004992,cancer,logical_entailment,automated_agent,infores:automat-robokop
Q3,NCBIGene:7157,MONDO:0004992,e_407_e_574,NCBIGene:7157,TP53,biolink:genetically_associated_with,MONDO:0004992,cancer,logical_entailment,automated_agent,infores:automat-robokop
Q3,NCBIGene:7157,MONDO:0004992,e_408_e_413,NCBIGene:7157,TP53,biolink:gene_associated_with_condition,MONDO:0004992,cancer,logical_entailment,automated_agent,infores:automat-robokop
Q3,NCBIGene:7157,MONDO:0004992,e_409_e_410,NCBIGene:7157,TP53,biolink:gene_associated_with_condition,MONDO:0004992,cancer,logical_entailment,automated_agent,infores:automat-robokop
Q4,NCBIGene:2308,MONDO:0004992,e_1_e_23,MONDO:0002334,hematopoietic and lymphoid system neoplasm,biolink:regulates,MONDO:0004992,cancer,logical_entailment,automated_agent,infores:automat-robokop
Q4,NCBIGene:2308,MONDO:0004992,e_2_e_24,MONDO:0021063,colon cancer,biolink:regulates,MONDO:0004992,cancer,logical_entailment,automated_agent,infores:automat-robokop
Q4,NCBIGene:2308,MONDO:0004992,e_3_e_25,MONDO:0005864,muscle cancer,biolink:related_to,MONDO:0004992,cancer,logical_entailment,automated_agent,infores:automat-robokop
Q4,NCBIGene:2308,MONDO:0004992,e_4_e_26,MONDO:0005089,sarcoma,biolink:related_to,MONDO:0004992,cancer,logical_entailment,automated_agent,infores:automat-robokop
Q4,NCBIGene:2308,MONDO:0004992,e_5_e_23,MONDO:0002334,hematopoietic and lymphoid system neoplasm,biolink:related_to,MONDO:0004992,cancer,logical_entailment,automated_agent,infores:automat-robokop
Q4,NCBIGene:2308,MONDO:0004992,uuid:0ec43e08-198e-11f0-be82-6045bdb3d4c0_e_27,NCBIGene:2308,FOXO1,biolink:causes,MONDO:0004992,cancer,logical_entailment,automated_agent,infores:automat-robokop
Q4,NCBIGene:2308,MONDO:0004992,uuid:1c573567-198e-11f0-be82-6045bdb3d4c0_e_27,NCBIGene:2308,FOXO1,biolink:has_phenotype,MONDO:0004992,cancer,logical_entailment,automated_agent,infores:automat-robokop
Q4,NCBIGene:2308,MONDO:0004992,e_8_e_27,NCBIGene:2308,FOXO1,biolink:genetically_associated_with,MONDO:0004992,cancer,logical_entailment,automated_agent,infores:automat-robokop
Q4,NCBIGene:2308,MONDO:0004992,e_9_e_28,NCBIGene:2308,FOXO1,biolink:genetically_associated_with,MONDO:0004992,cancer,logical_entailment,automated_agent,infores:automat-robokop
Q4,NCBIGene:2308,MONDO:0004992,e_10_e_29,NCBIGene:2308,FOXO1,biolink:genetically_associated_with,MONDO:0004992,cancer,logical_entailment,automated_agent,infores:automat-robokop
Q4,NCBIGene:2308,MONDO:0004992,e_11_e_30,NCBIGene:2308,FOXO1,biolink:genetically_associated_with,MONDO:0004992,cancer,logical_entailment,automated_agent,infores:automat-robokop
Q4,NCBIGene:2308,MONDO:0004992,e_12_e_31,NCBIGene:2308,FOXO1,biolink:genetically_associated_with,MONDO:0004992,cancer,logical_entailment,automated_agent,infores:automat-robokop
Q4,NCBIGene:2308,MONDO:0004992,e_13_e_27,NCBIGene:2308,FOXO1,biolink:genetically_associated_with,MONDO:0004992,cancer,logical_entailment,automated_agent,infores:automat-robokop
Q4,NCBIGene:2308,MONDO:0004992,e_14_e_28,NCBIGene:2308,FOXO1,biolink:genetically_associated_with,MONDO:0004992,cancer,logical_entailment,automated_agent,infores:automat-robokop
Q4,NCBIGene:2308,MONDO:0004992,e_15_e_27,NCBIGene:2308,FOXO1,biolink:genetically_associated_with,MONDO:0004992,cancer,logical_entailment,automated_agent,infores:automat-robokop
Q4,NCBIGene:2308,MONDO:0004992,e_16,NCBIGene:2308,FOXO1,biolink:genetically_associated_with,MONDO:0004992,cancer,knowledge_assertion,manual_validation_of_automated_agent,infores:automat-robokop;infores:diseases;infores:pharos
Q4,NCBIGene:2308,MONDO:0004992,e_17_e_32,NCBIGene:2308,FOXO1,biolink:genetically_associated_with,MONDO:0004992,cancer,logical_entailment,automated_agent,infores:automat-robokop
Q4,NCBIGene:2308,MONDO:0004992,e_18_e_28,NCBIGene:2308,FOXO1,biolink:genetically_associated_with,MONDO:0004992,cancer,logical_entailment,automated_agent,infores:automat-robokop
Q4,NCBIGene:2308,MONDO:0004992,e_19_e_27,NCBIGene:2308,FOXO1,biolink:genetically_associated_with,MONDO:0004992,cancer,logical_entailment,automated_agent,infores:automat-robokop
Q4,NCBIGene:2308,MONDO:0004992,e_20_e_33,NCBIGene:2308,FOXO1,biolink:genetically_associated_with,MONDO:0004992,cancer,logical_entailment,automated_agent,infores:automat-robokop
Q4,NCBIGene:2308,MONDO:0004992,e_21_e_34,NCBIGene:2308,FOXO1,biolink:genetically_associated_with,MONDO:0004992,cancer,logical_entailment,automated_agent,infores:automat-robokop
Q4,NCBIGene:2308,MONDO:0004992,e_22_e_29,NCBIGene:2308,FOXO1,biolink:genetically_associated_with,MONDO:0004992,cancer,logical_entailment,automated_agent,infores:automat-robokop
Q6,NCBIGene:3845,MONDO:0002691,e_1,MONDO:0002691,liver cancer,biolink:related_to,NCBIGene:3845,KRAS,not_provided,not_provided,infores:automat-robokop;infores:hetionet
Q6,NCBIGene:3845,MONDO:0002691,e_2_e_15,MONDO:0003059,bile duct cancer,biolink:related_to,MONDO:0002691,liver cancer,logical_entailment,automated_agent,infores:automat-robokop
Q6,NCBIGene:3845,MONDO:0002691,uuid:13ff013e-198e-11f0-be82-6045bdb3d4c0_e_16,NCBIGene:3845,KRAS,biolink:has_phenotype,MONDO:0002691,liver cancer,logical_entailment,automated_agent,infores:automat-robokop
Q6,NCBIGene:3845,MONDO:0002691,e_4_e_17,NCBIGene:3845,KRAS,biolink:genetically_associated_with,MONDO:0002691,liver cancer,logical_entailment,automated_agent,infores:automat-robokop
Q6,NCBIGene:3845,MONDO:0002691,e_5_e_16,NCBIGene:3845,KRAS,biolink:genetically_associated_with,MONDO:0002691,liver cancer,logical_entailment,automated_agent,infores:automat-robokop
Q6,NCBIGene:3845,MONDO:0002691,e_6_e_18,NCBIGene:3845,KRAS,biolink:genetically_associated_with,MONDO:0002691,liver cancer,logical_entailment,automated_agent,infores:automat-robokop
Q6,NCBIGene:3845,MONDO:0002691,e_7_e_18,NCBIGene:3845,KRAS,biolink:genetically_associated_with,MONDO:0002691,liver cancer,logical_entailment,automated_agent,infores:automat-robokop
Q6,NCBIGene:3845,MONDO:0002691,e_8,NCBIGene:3845,KRAS,biolink:genetically_associated_with,MONDO:0002691,liver cancer,not_provided,not_provided,infores:automat-robokop;infores:disgenet;infores:pharos
Q6,NCBIGene:3845,MONDO:0002691,e_9_e_15,NCBIGene:3845,KRAS,biolink:genetically_associated_with,MONDO:0002691,liver cancer,logical_entailment,automated_agent,infores:automat-robokop
Q6,NCBIGene:3845,MONDO:0002691,e_10,NCBIGene:3845,KRAS,biolink:genetically_associated_with,MONDO:0002691,liver cancer,prediction,manual_agent,infores:automat-robokop;infores:ctd;infores:pharos
Q6,NCBIGene:3845,MONDO:0002691,e_11_e_17,NCBIGene:3845,KRAS,biolink:genetically_associated_with,MONDO:0002691,liver cancer,logical_entailment,automated_agent,infores:automat-robokop
Q6,NCBIGene:3845,MONDO:0002691,e_12_e_18,NCBIGene:3845,KRAS,biolink:genetically_associated_with,MONDO:0002691,liver cancer,logical_entailment,automated_agent,infores:automat-robokop
Q6,NCBIGene:3845,MONDO:0002691,e_13_e_18,NCBIGene:3845,KRAS,biolink:genetically_associated_with,MONDO:0002691,liver cancer,logical_entailment,automated_agent,infores:automat-robokop
Q6,NCBIGene:3845,MONDO:0002691,e_14_e_16,NCBIGene:3845,KRAS,biolink:genetically_associated_with,MONDO:0002691,liver cancer,logical_entailment,automated_agent,infores:automat-robokop
Q8,NCBIGene:2308,NCBIGene:664,e_1,NCBIGene:2308,FOXO1,biolink:physically_interacts_with,NCBIGene:664,BNIP3,not_provided,text_mining_agent,infores:automat-robokop;infores:string
Q8,NCBIGene:2308,NCBIGene:664,e_2,NCBIGene:664,BNIP3,biolink:physically_interacts_with,NCBIGene:2308,FOXO1,not_provided,text_mining_agent,infores:automat-robokop;infores:string
Q9,NCBIGene:2308,NCBIGene:6648,e_1,NCBIGene:2308,FOXO1,biolink:affects,NCBIGene:6648,SOD2,not_provided,text_mining_agent,infores:automat-robokop;infores:text-mining-provider-targeted
Q9,NCBIGene:2308,NCBIGene:6648,e_2_e_6,NCBIGene:2308,FOXO1,biolink:physically_interacts_with,NCBIGene:6648,SOD2,logical_entailment,automated_agent,infores:automat-robokop
Q9,NCBIGene:2308,NCBIGene:6648,e_3_e_6,UniProtKB:P04179-4,"superoxide dismutase [Mn], mitochondrial isoform h4 (human)",biolink:physically_interacts_with,NCBIGene:6648,SOD2,logical_entailment,automated_agent,infores:automat-robokop
Q9,NCBIGene:2308,NCBIGene:6648,e_4_e_7,NCBIGene:2308,FOXO1,biolink:physically_interacts_with,NCBIGene:6648,SOD2,logical_entailment,automated_agent,infores:automat-robokop
Q9,NCBIGene:2308,NCBIGene:6648,e_5_e_7,UniProtKB:P04179-1,"superoxide dismutase [Mn], mitochondrial isoform 1 (human)",biolink:physically_interacts_with,NCBIGene:6648,SOD2,logical_entailment,automated_agent,infores:automat-robokop
