prompt_version,question_id,n_runs,n_robokop,mean_n_gpt,mean_intersection,mean_jaccard,mean_precision_like,mean_recall_like,mean_f1
v1,Q1,96,2,1.1041666666666667,0.0,0.0,0.0,0.0,0.0
v1,Q100,99,3,1.0303030303030303,0.9797979797979798,0.324074074074074,0.9646464646464646,0.32659932659932656,0.4868686868686869
v1,Q102,100,5,1.24,0.18,0.032345238095238094,0.13083333333333333,0.036000000000000004,0.054722222222222235
v1,Q103,3,8,1.0,0.0,0.0,0.0,0.0,0.0
v1,Q104,100,7,1.16,0.0,0.0,0.0,0.0,0.0
v1,Q105,100,7,1.16,0.06,0.008035714285714287,0.045,0.00857142857142857,0.014166666666666668
v1,Q106,98,9,1.0408163265306123,0.02040816326530612,0.0022675736961451248,0.02040816326530612,0.0022675736961451248,0.004081632653061224
v1,Q107,100,7,1.19,0.05,0.00625,0.025,0.007142857142857142,0.011111111111111112
v1,Q108,96,5,1.09375,0.0,0.0,0.0,0.0,0.0
v1,Q109,100,7,1.07,0.84,0.11875,0.805,0.12,0.20805555555555558
v1,Q110,98,3,1.163265306122449,0.0,0.0,0.0,0.0,0.0
v1,Q111,95,1,1.2,0.0,0.0,0.0,0.0,0.0
v1,Q112,100,7,1.26,0.04,0.005,0.02,0.005714285714285714,0.008888888888888889
v1,Q113,100,8,1.22,0.03,0.003333333333333333,0.015,0.00375,0.006000000000000001
v1,Q114,100,7,1.17,0.2,0.02625,0.135,0.028571428571428567,0.046388888888888896
v1,Q115,100,5,1.25,0.0,0.0,0.0,0.0,0.0
v1,Q116,100,8,1.27,0.0,0.0,0.0,0.0,0.0
v1,Q117,100,5,1.1,0.0,0.0,0.0,0.0,0.0
v1,Q118,100,3,1.16,0.02,0.005,0.01,0.006666666666666666,0.008
v1,Q119,93,7,1.1935483870967742,0.0,0.0,0.0,0.0,0.0
v1,Q12,5,1,1.0,0.0,0.0,0.0,0.0,0.0
v1,Q120,97,9,1.0618556701030928,1.0309278350515463,0.1145475372279496,0.9690721649484536,0.1145475372279496,0.20393626991565136
v1,Q121,7,9,1.0,0.42857142857142855,0.047619047619047616,0.42857142857142855,0.047619047619047616,0.08571428571428572
v1,Q122,31,5,1.0,0.0,0.0,0.0,0.0,0.0
v1,Q123,72,5,1.0277777777777777,0.9166666666666666,0.18240740740740743,0.9027777777777778,0.18333333333333335,0.3042328042328043
v1,Q124,100,1,1.17,0.0,0.0,0.0,0.0,0.0
v1,Q125,99,5,1.292929292929293,0.0,0.0,0.0,0.0,0.0
v1,Q126,100,5,1.25,0.71,0.13376190476190478,0.5883333333333334,0.14200000000000002,0.2248809523809524
v1,Q127,100,7,1.25,0.51,0.06875,0.36833333333333335,0.07285714285714286,0.11911111111111111
v1,Q128,98,6,1.3673469387755102,1.1122448979591837,0.18227648202137997,0.8112244897959183,0.18537414965986393,0.2957968901846453
v1,Q129,99,8,1.3131313131313131,0.030303030303030304,0.003367003367003367,0.015151515151515152,0.003787878787878788,0.0060606060606060615
v1,Q130,100,8,1.25,0.3,0.034444444444444444,0.19,0.0375,0.06177777777777778
v1,Q131,90,5,1.4,0.0,0.0,0.0,0.0,0.0
v1,Q132,100,7,1.14,0.18,0.024107142857142855,0.135,0.02571428571428571,0.0425
v1,Q133,100,5,1.09,0.08,0.014333333333333333,0.055,0.016,0.02428571428571429
v1,Q134,100,7,1.2,0.21,0.027321428571428573,0.13166666666666665,0.03,0.04788888888888889
v1,Q135,91,9,1.021978021978022,0.0,0.0,0.0,0.0,0.0
v1,Q136,71,2,1.1549295774647887,0.9154929577464789,0.431924882629108,0.8380281690140845,0.45774647887323944,0.5845070422535211
v1,Q137,100,5,1.26,0.0,0.0,0.0,0.0,0.0
v1,Q138,96,2,1.09375,0.0,0.0,0.0,0.0,0.0
v1,Q139,100,3,1.22,0.0,0.0,0.0,0.0,0.0
v1,Q140,100,2,1.2,0.0,0.0,0.0,0.0,0.0
v1,Q141,100,4,1.12,0.0,0.0,0.0,0.0,0.0
v1,Q142,21,2,1.0,0.0,0.0,0.0,0.0,0.0
v1,Q143,100,1,1.19,0.0,0.0,0.0,0.0,0.0
v1,Q144,94,2,1.127659574468085,0.0,0.0,0.0,0.0,0.0
v1,Q145,100,5,1.11,0.0,0.0,0.0,0.0,0.0
v1,Q146,100,2,1.16,0.0,0.0,0.0,0.0,0.0
v1,Q147,2,6,2.0,1.5,0.22619047619047616,0.8333333333333333,0.25,0.36507936507936506
v1,Q148,6,7,1.1666666666666667,0.3333333333333333,0.044642857142857144,0.25,0.047619047619047616,0.0787037037037037
v1,Q15,100,2,1.23,0.0,0.0,0.0,0.0,0.0
v1,Q150,1,5,1.0,1.0,0.2,1.0,0.2,0.33333333333333337
v1,Q152,3,2,1.0,0.0,0.0,0.0,0.0,0.0
v1,Q154,98,5,1.0918367346938775,0.16326530612244897,0.029591836734693875,0.11734693877551021,0.0326530612244898,0.0500485908649174
v1,Q155,100,4,1.46,0.3,0.06083333333333333,0.1716666666666667,0.075,0.10085714285714285
v1,Q156,89,5,1.0224719101123596,0.011235955056179775,0.0018726591760299624,0.0056179775280898875,0.0022471910112359553,0.003210272873194222
v1,Q157,100,4,1.19,0.84,0.20066666666666666,0.7483333333333333,0.21,0.32352380952380955
v1,Q158,100,4,1.18,0.05,0.011000000000000001,0.035,0.0125,0.018000000000000002
v1,Q159,93,5,1.086021505376344,0.8709677419354839,0.17142857142857143,0.8315412186379928,0.17419354838709677,0.28635432667690736
v1,Q16,33,1,1.0606060606060606,0.030303030303030304,0.030303030303030304,0.030303030303030304,0.030303030303030304,0.030303030303030304
v1,Q160,89,7,1.0449438202247192,0.0,0.0,0.0,0.0,0.0
v1,Q161,82,7,1.0975609756097562,0.7317073170731707,0.10283584978706929,0.6869918699186992,0.10452961672473868,0.18028455284552847
v1,Q162,97,10,1.1546391752577319,0.07216494845360824,0.006747891283973758,0.04639175257731959,0.007216494845360825,0.012339893783192753
v1,Q163,100,7,1.34,0.84,0.11404761904761905,0.68,0.12,0.20072222222222222
v1,Q17,10,1,1.0,0.0,0.0,0.0,0.0,0.0
v1,Q19,1,1,1.0,1.0,1.0,1.0,1.0,1.0
v1,Q2,95,5,1.2421052631578948,0.0,0.0,0.0,0.0,0.0
v1,Q20,3,1,1.6666666666666667,0.0,0.0,0.0,0.0,0.0
v1,Q21,100,2,1.16,0.0,0.0,0.0,0.0,0.0
v1,Q22,100,1,1.18,0.0,0.0,0.0,0.0,0.0
v1,Q24,17,8,1.0,0.47058823529411764,0.058823529411764705,0.47058823529411764,0.058823529411764705,0.1045751633986928
v1,Q25,100,4,1.23,0.0,0.0,0.0,0.0,0.0
v1,Q26,8,4,1.0,0.0,0.0,0.0,0.0,0.0
v1,Q28,12,1,1.25,0.08333333333333333,0.08333333333333333,0.08333333333333333,0.08333333333333333,0.08333333333333333
v1,Q29,100,1,1.16,0.0,0.0,0.0,0.0,0.0
v1,Q3,10,1,1.0,0.0,0.0,0.0,0.0,0.0
v1,Q30,92,2,1.2065217391304348,0.0,0.0,0.0,0.0,0.0
v1,Q32,100,1,1.19,0.0,0.0,0.0,0.0,0.0
v1,Q33,100,5,1.16,0.0,0.0,0.0,0.0,0.0
v1,Q36,100,2,1.14,0.0,0.0,0.0,0.0,0.0
v1,Q38,8,1,1.0,0.0,0.0,0.0,0.0,0.0
v1,Q40,99,2,1.1515151515151516,0.0,0.0,0.0,0.0,0.0
v1,Q41,1,1,1.0,0.0,0.0,0.0,0.0,0.0
v1,Q42,10,1,1.1,0.0,0.0,0.0,0.0,0.0
v1,Q43,6,1,1.5,0.0,0.0,0.0,0.0,0.0
v1,Q44,99,1,1.1616161616161615,0.0,0.0,0.0,0.0,0.0
v1,Q45,1,2,1.0,0.0,0.0,0.0,0.0,0.0
v1,Q46,13,1,1.0,0.0,0.0,0.0,0.0,0.0
v1,Q47,1,1,1.0,0.0,0.0,0.0,0.0,0.0
v1,Q48,85,2,1.2470588235294118,0.15294117647058825,0.06274509803921569,0.11176470588235295,0.07647058823529412,0.08823529411764706
v1,Q49,1,7,1.0,0.0,0.0,0.0,0.0,0.0
v1,Q5,1,7,1.0,0.0,0.0,0.0,0.0,0.0
v1,Q50,100,1,1.24,0.0,0.0,0.0,0.0,0.0
v1,Q52,99,2,1.1111111111111112,0.0,0.0,0.0,0.0,0.0
v1,Q53,1,2,1.0,0.0,0.0,0.0,0.0,0.0
v1,Q54,15,1,1.0,0.0,0.0,0.0,0.0,0.0
v1,Q55,95,5,1.1578947368421053,0.0,0.0,0.0,0.0,0.0
v1,Q57,39,2,1.3076923076923077,0.05128205128205128,0.021367521367521364,0.038461538461538464,0.02564102564102564,0.029914529914529912
v1,Q59,9,1,1.3333333333333333,0.0,0.0,0.0,0.0,0.0
v1,Q61,37,1,1.2432432432432432,0.0,0.0,0.0,0.0,0.0
v1,Q62,1,1,1.0,0.0,0.0,0.0,0.0,0.0
v1,Q63,13,1,1.0769230769230769,0.0,0.0,0.0,0.0,0.0
v1,Q64,16,1,1.3125,0.0625,0.03125,0.03125,0.0625,0.041666666666666664
v1,Q65,1,4,1.0,0.0,0.0,0.0,0.0,0.0
v1,Q66,12,1,1.0833333333333333,0.0,0.0,0.0,0.0,0.0
v1,Q67,36,1,1.1666666666666667,0.027777777777777776,0.013888888888888888,0.013888888888888888,0.027777777777777776,0.018518518518518517
v1,Q68,14,2,1.2142857142857142,0.0,0.0,0.0,0.0,0.0
v1,Q69,7,2,1.1428571428571428,0.0,0.0,0.0,0.0,0.0
v1,Q7,17,1,1.0588235294117647,0.0,0.0,0.0,0.0,0.0
v1,Q70,21,1,1.1904761904761905,0.0,0.0,0.0,0.0,0.0
v1,Q71,100,2,1.26,0.0,0.0,0.0,0.0,0.0
v1,Q72,100,1,1.18,0.0,0.0,0.0,0.0,0.0
v1,Q74,9,4,1.1111111111111112,0.1111111111111111,0.022222222222222223,0.05555555555555555,0.027777777777777776,0.037037037037037035
v1,Q75,98,3,1.1224489795918366,0.0,0.0,0.0,0.0,0.0
v1,Q76,100,2,1.24,0.0,0.0,0.0,0.0,0.0
v1,Q77,100,5,1.24,0.0,0.0,0.0,0.0,0.0
v1,Q78,98,2,1.153061224489796,0.0,0.0,0.0,0.0,0.0
v1,Q79,89,3,1.2921348314606742,0.0,0.0,0.0,0.0,0.0
v1,Q8,90,5,1.1777777777777778,0.0,0.0,0.0,0.0,0.0
v1,Q80,87,2,1.264367816091954,0.0,0.0,0.0,0.0,0.0
v1,Q81,98,2,1.2244897959183674,0.0,0.0,0.0,0.0,0.0
v1,Q82,100,3,1.08,0.0,0.0,0.0,0.0,0.0
v1,Q83,96,3,1.125,0.0,0.0,0.0,0.0,0.0
v1,Q84,94,1,1.2553191489361701,0.0,0.0,0.0,0.0,0.0
v1,Q85,100,1,1.11,0.0,0.0,0.0,0.0,0.0
v1,Q86,6,1,1.0,0.0,0.0,0.0,0.0,0.0
v1,Q87,100,5,1.1,0.82,0.16066666666666665,0.77,0.16400000000000003,0.2685714285714286
v1,Q88,97,3,1.134020618556701,0.0,0.0,0.0,0.0,0.0
v1,Q89,85,3,1.1764705882352942,0.0,0.0,0.0,0.0,0.0
v1,Q9,80,4,1.2,0.0,0.0,0.0,0.0,0.0
v1,Q90,100,3,1.22,0.0,0.0,0.0,0.0,0.0
v1,Q92,51,5,1.2745098039215685,0.6862745098039216,0.12941176470588237,0.5686274509803921,0.13725490196078433,0.21755368814192347
v1,Q93,99,5,1.2222222222222223,0.9191919191919192,0.17652717652717653,0.8114478114478114,0.18383838383838383,0.295935545935546
v1,Q94,90,3,1.0666666666666667,0.6666666666666666,0.21666666666666667,0.6333333333333333,0.2222222222222222,0.32666666666666666
v1,Q95,39,7,1.0256410256410255,0.0,0.0,0.0,0.0,0.0
v1,Q96,99,8,1.0909090909090908,0.0,0.0,0.0,0.0,0.0
v1,Q97,20,5,1.05,0.0,0.0,0.0,0.0,0.0
v1,Q98,8,1,1.375,0.0,0.0,0.0,0.0,0.0
v2,Q1,25,2,1.0,0.0,0.0,0.0,0.0,0.0
v2,Q10,1,1,1.0,0.0,0.0,0.0,0.0,0.0
v2,Q100,25,3,1.0,0.24,0.08,0.24,0.08,0.12
v2,Q102,25,5,1.0,0.16,0.032,0.16,0.032,0.05333333333333334
v2,Q103,7,8,1.0,0.8571428571428571,0.10714285714285714,0.8571428571428571,0.10714285714285714,0.19047619047619047
v2,Q104,25,7,1.0,0.8,0.11428571428571427,0.8,0.11428571428571427,0.2
v2,Q105,25,7,1.0,0.56,0.08,0.56,0.08,0.14
v2,Q106,25,9,1.0,0.24,0.026666666666666665,0.24,0.026666666666666665,0.048
v2,Q107,25,7,1.0,0.68,0.09714285714285714,0.68,0.09714285714285714,0.17
v2,Q108,11,5,1.0,0.7272727272727273,0.14545454545454548,0.7272727272727273,0.14545454545454548,0.24242424242424246
v2,Q109,25,7,1.0,0.2,0.028571428571428567,0.2,0.028571428571428567,0.05
v2,Q110,24,3,1.0,0.0,0.0,0.0,0.0,0.0
v2,Q111,25,1,1.0,0.0,0.0,0.0,0.0,0.0
v2,Q112,25,7,1.0,0.64,0.09142857142857143,0.64,0.09142857142857143,0.16
v2,Q113,25,8,1.0,0.44,0.055,0.44,0.055,0.09777777777777777
v2,Q114,25,7,1.0,0.52,0.07428571428571427,0.52,0.07428571428571427,0.13
v2,Q115,24,5,1.0,0.4583333333333333,0.09166666666666667,0.4583333333333333,0.09166666666666667,0.1527777777777778
v2,Q116,25,8,1.0,0.04,0.005,0.04,0.005,0.008888888888888889
v2,Q117,25,5,1.0,0.24,0.04800000000000001,0.24,0.04800000000000001,0.08
v2,Q118,25,3,1.0,0.0,0.0,0.0,0.0,0.0
v2,Q119,23,7,1.0,0.391304347826087,0.05590062111801242,0.391304347826087,0.05590062111801242,0.09782608695652174
v2,Q12,19,1,1.0,0.0,0.0,0.0,0.0,0.0
v2,Q120,25,9,1.0,1.0,0.1111111111111111,1.0,0.1111111111111111,0.2
v2,Q122,11,5,1.0,0.0,0.0,0.0,0.0,0.0
v2,Q123,24,5,1.0,0.16666666666666666,0.03333333333333333,0.16666666666666666,0.03333333333333333,0.05555555555555556
v2,Q124,25,1,1.0,0.0,0.0,0.0,0.0,0.0
v2,Q125,25,5,1.0,0.52,0.10400000000000001,0.52,0.10400000000000001,0.17333333333333337
v2,Q126,25,5,1.0,0.36,0.07200000000000001,0.36,0.07200000000000001,0.12000000000000002
v2,Q127,25,7,1.0,0.56,0.08,0.56,0.08,0.14
v2,Q128,25,6,1.0,0.64,0.10666666666666666,0.64,0.10666666666666666,0.18285714285714286
v2,Q129,25,8,1.0,0.36,0.045,0.36,0.045,0.08
v2,Q13,2,1,1.0,0.0,0.0,0.0,0.0,0.0
v2,Q130,25,8,1.0,0.8,0.1,0.8,0.1,0.17777777777777778
v2,Q131,25,5,1.0,0.72,0.14400000000000002,0.72,0.14400000000000002,0.24000000000000005
v2,Q132,25,7,1.0,0.44,0.06285714285714286,0.44,0.06285714285714286,0.11
v2,Q133,8,5,1.0,0.25,0.05,0.25,0.05,0.08333333333333334
v2,Q134,25,7,1.0,0.32,0.045714285714285714,0.32,0.045714285714285714,0.08
v2,Q135,12,9,1.0,0.8333333333333334,0.0925925925925926,0.8333333333333334,0.0925925925925926,0.16666666666666666
v2,Q136,25,2,1.0,0.2,0.1,0.2,0.1,0.13333333333333333
v2,Q137,25,5,1.0,0.0,0.0,0.0,0.0,0.0
v2,Q138,25,2,1.0,0.0,0.0,0.0,0.0,0.0
v2,Q139,25,3,1.0,0.0,0.0,0.0,0.0,0.0
v2,Q140,25,2,1.0,0.0,0.0,0.0,0.0,0.0
v2,Q141,25,4,1.0,0.0,0.0,0.0,0.0,0.0
v2,Q142,22,2,1.0,0.0,0.0,0.0,0.0,0.0
v2,Q143,25,1,1.0,0.0,0.0,0.0,0.0,0.0
v2,Q144,25,2,1.0,0.0,0.0,0.0,0.0,0.0
v2,Q145,25,5,1.0,0.0,0.0,0.0,0.0,0.0
v2,Q146,25,2,1.0,0.0,0.0,0.0,0.0,0.0
v2,Q147,17,6,1.0,0.0,0.0,0.0,0.0,0.0
v2,Q148,24,7,1.0,0.0,0.0,0.0,0.0,0.0
v2,Q149,9,2,1.0,0.0,0.0,0.0,0.0,0.0
v2,Q15,25,2,1.0,0.0,0.0,0.0,0.0,0.0
v2,Q150,20,5,1.0,0.0,0.0,0.0,0.0,0.0
v2,Q151,4,1,1.0,0.0,0.0,0.0,0.0,0.0
v2,Q152,22,2,1.0,0.0,0.0,0.0,0.0,0.0
v2,Q154,25,5,1.0,0.36,0.07200000000000001,0.36,0.07200000000000001,0.12000000000000002
v2,Q155,25,4,1.0,0.44,0.11,0.44,0.11,0.17600000000000002
v2,Q156,25,5,1.0,0.0,0.0,0.0,0.0,0.0
v2,Q157,25,4,1.0,0.32,0.08,0.32,0.08,0.128
v2,Q158,25,4,1.0,0.0,0.0,0.0,0.0,0.0
v2,Q159,25,5,1.0,0.04,0.008,0.04,0.008,0.013333333333333334
v2,Q16,25,1,1.0,0.0,0.0,0.0,0.0,0.0
v2,Q160,24,7,1.0,0.6666666666666666,0.09523809523809523,0.6666666666666666,0.09523809523809523,0.16666666666666666
v2,Q161,16,7,1.0,0.5,0.07142857142857142,0.5,0.07142857142857142,0.125
v2,Q162,25,10,1.0,0.2,0.02,0.2,0.02,0.03636363636363637
v2,Q163,25,7,1.0,0.28,0.04,0.28,0.04,0.07
v2,Q17,25,1,1.0,0.0,0.0,0.0,0.0,0.0
v2,Q19,1,1,1.0,0.0,0.0,0.0,0.0,0.0
v2,Q2,25,5,1.0,0.0,0.0,0.0,0.0,0.0
v2,Q20,25,1,1.0,0.0,0.0,0.0,0.0,0.0
v2,Q21,25,2,1.0,0.0,0.0,0.0,0.0,0.0
v2,Q22,25,1,1.0,0.0,0.0,0.0,0.0,0.0
v2,Q23,10,1,1.0,0.0,0.0,0.0,0.0,0.0
v2,Q24,17,8,1.0,0.0,0.0,0.0,0.0,0.0
v2,Q25,25,4,1.0,0.0,0.0,0.0,0.0,0.0
v2,Q26,2,4,1.0,0.0,0.0,0.0,0.0,0.0
v2,Q28,25,1,1.0,0.0,0.0,0.0,0.0,0.0
v2,Q29,25,1,1.0,0.0,0.0,0.0,0.0,0.0
v2,Q3,15,1,1.0,0.0,0.0,0.0,0.0,0.0
v2,Q30,25,2,1.0,0.0,0.0,0.0,0.0,0.0
v2,Q31,10,2,1.0,0.0,0.0,0.0,0.0,0.0
v2,Q32,25,1,1.0,0.0,0.0,0.0,0.0,0.0
v2,Q33,25,5,1.0,0.0,0.0,0.0,0.0,0.0
v2,Q34,3,3,1.0,0.0,0.0,0.0,0.0,0.0
v2,Q36,25,2,1.0,0.0,0.0,0.0,0.0,0.0
v2,Q38,25,1,1.0,0.0,0.0,0.0,0.0,0.0
v2,Q39,1,1,1.0,0.0,0.0,0.0,0.0,0.0
v2,Q40,25,2,1.0,0.0,0.0,0.0,0.0,0.0
v2,Q41,13,1,1.0,0.0,0.0,0.0,0.0,0.0
v2,Q42,25,1,1.0,0.0,0.0,0.0,0.0,0.0
v2,Q43,25,1,1.0,0.0,0.0,0.0,0.0,0.0
v2,Q44,25,1,1.0,0.0,0.0,0.0,0.0,0.0
v2,Q45,13,2,1.0,0.0,0.0,0.0,0.0,0.0
v2,Q46,25,1,1.0,0.0,0.0,0.0,0.0,0.0
v2,Q47,6,1,1.0,0.0,0.0,0.0,0.0,0.0
v2,Q48,25,2,1.0,0.0,0.0,0.0,0.0,0.0
v2,Q49,4,7,1.0,0.0,0.0,0.0,0.0,0.0
v2,Q50,25,1,1.0,0.0,0.0,0.0,0.0,0.0
v2,Q51,23,1,1.0,0.0,0.0,0.0,0.0,0.0
v2,Q52,25,2,1.0,0.0,0.0,0.0,0.0,0.0
v2,Q54,25,1,1.0,0.0,0.0,0.0,0.0,0.0
v2,Q55,25,5,1.0,0.0,0.0,0.0,0.0,0.0
v2,Q57,25,2,1.0,0.0,0.0,0.0,0.0,0.0
v2,Q59,19,1,1.0,0.0,0.0,0.0,0.0,0.0
v2,Q61,25,1,1.0,0.0,0.0,0.0,0.0,0.0
v2,Q62,8,1,1.0,0.0,0.0,0.0,0.0,0.0
v2,Q63,13,1,1.0,0.0,0.0,0.0,0.0,0.0
v2,Q64,25,1,1.0,0.0,0.0,0.0,0.0,0.0
v2,Q66,25,1,1.0,0.0,0.0,0.0,0.0,0.0
v2,Q67,25,1,1.0,0.0,0.0,0.0,0.0,0.0
v2,Q68,25,2,1.0,0.0,0.0,0.0,0.0,0.0
v2,Q69,22,2,1.0,0.0,0.0,0.0,0.0,0.0
v2,Q7,25,1,1.0,0.0,0.0,0.0,0.0,0.0
v2,Q70,25,1,1.0,0.0,0.0,0.0,0.0,0.0
v2,Q71,25,2,1.0,0.0,0.0,0.0,0.0,0.0
v2,Q72,25,1,1.0,0.0,0.0,0.0,0.0,0.0
v2,Q74,24,4,1.0,0.0,0.0,0.0,0.0,0.0
v2,Q75,25,3,1.0,0.0,0.0,0.0,0.0,0.0
v2,Q76,25,2,1.0,0.0,0.0,0.0,0.0,0.0
v2,Q77,25,5,1.0,0.0,0.0,0.0,0.0,0.0
v2,Q78,25,2,1.0,0.0,0.0,0.0,0.0,0.0
v2,Q79,25,3,1.0,0.0,0.0,0.0,0.0,0.0
v2,Q8,25,5,1.0,0.0,0.0,0.0,0.0,0.0
v2,Q80,25,2,1.0,0.0,0.0,0.0,0.0,0.0
v2,Q81,25,2,1.0,0.0,0.0,0.0,0.0,0.0
v2,Q82,25,3,1.0,0.0,0.0,0.0,0.0,0.0
v2,Q83,25,3,1.0,0.0,0.0,0.0,0.0,0.0
v2,Q84,25,1,1.0,0.0,0.0,0.0,0.0,0.0
v2,Q85,25,1,1.0,0.0,0.0,0.0,0.0,0.0
v2,Q86,5,1,1.0,0.0,0.0,0.0,0.0,0.0
v2,Q87,25,5,1.0,0.0,0.0,0.0,0.0,0.0
v2,Q88,25,3,1.0,0.0,0.0,0.0,0.0,0.0
v2,Q89,25,3,1.0,0.0,0.0,0.0,0.0,0.0
v2,Q9,25,4,1.0,0.0,0.0,0.0,0.0,0.0
v2,Q90,25,3,1.0,0.0,0.0,0.0,0.0,0.0
v2,Q92,25,5,1.0,0.0,0.0,0.0,0.0,0.0
v2,Q93,25,5,1.0,0.6,0.12,0.6,0.12,0.20000000000000004
v2,Q94,25,3,1.0,0.24,0.08,0.24,0.08,0.12
v2,Q96,22,8,1.0,0.0,0.0,0.0,0.0,0.0
v2,Q97,2,5,1.0,0.0,0.0,0.0,0.0,0.0
v2,Q98,15,1,1.0,0.0,0.0,0.0,0.0,0.0
v2,Q99,2,5,1.0,0.0,0.0,0.0,0.0,0.0
v3,Q1,5,2,1.0,0.0,0.0,0.0,0.0,0.0
v3,Q100,19,3,1.0,0.5789473684210527,0.19298245614035087,0.5789473684210527,0.19298245614035087,0.2894736842105263
v3,Q102,9,5,1.0,0.2222222222222222,0.044444444444444446,0.2222222222222222,0.044444444444444446,0.07407407407407408
v3,Q104,24,7,1.0,0.08333333333333333,0.011904761904761904,0.08333333333333333,0.011904761904761904,0.020833333333333332
v3,Q105,16,7,1.0,0.0,0.0,0.0,0.0,0.0
v3,Q107,13,7,1.0,0.8461538461538461,0.12087912087912088,0.8461538461538461,0.12087912087912088,0.21153846153846154
v3,Q108,6,5,1.0,0.0,0.0,0.0,0.0,0.0
v3,Q109,2,7,1.0,0.0,0.0,0.0,0.0,0.0
v3,Q110,15,3,1.0,0.0,0.0,0.0,0.0,0.0
v3,Q111,17,1,1.0,0.0,0.0,0.0,0.0,0.0
v3,Q113,4,8,1.0,0.5,0.0625,0.5,0.0625,0.1111111111111111
v3,Q114,12,7,1.0,0.25,0.03571428571428571,0.25,0.03571428571428571,0.0625
v3,Q115,2,5,1.0,1.0,0.2,1.0,0.2,0.33333333333333337
v3,Q116,9,8,1.0,0.2222222222222222,0.027777777777777776,0.2222222222222222,0.027777777777777776,0.04938271604938271
v3,Q117,1,5,1.0,1.0,0.2,1.0,0.2,0.33333333333333337
v3,Q118,11,3,1.0,0.0,0.0,0.0,0.0,0.0
v3,Q119,9,7,1.0,0.6666666666666666,0.09523809523809523,0.6666666666666666,0.09523809523809523,0.16666666666666666
v3,Q120,6,9,1.0,1.0,0.1111111111111111,1.0,0.1111111111111111,0.19999999999999998
v3,Q123,2,5,1.0,1.0,0.2,1.0,0.2,0.33333333333333337
v3,Q124,8,1,1.0,0.0,0.0,0.0,0.0,0.0
v3,Q125,1,5,1.0,1.0,0.2,1.0,0.2,0.33333333333333337
v3,Q126,1,5,1.0,0.0,0.0,0.0,0.0,0.0
v3,Q127,2,7,1.0,0.5,0.07142857142857142,0.5,0.07142857142857142,0.125
v3,Q128,11,6,1.0,1.0,0.16666666666666666,1.0,0.16666666666666666,0.2857142857142857
v3,Q129,7,8,1.1428571428571428,0.14285714285714285,0.015873015873015872,0.07142857142857142,0.017857142857142856,0.028571428571428574
v3,Q130,2,8,1.0,0.0,0.0,0.0,0.0,0.0
v3,Q131,1,5,1.0,0.0,0.0,0.0,0.0,0.0
v3,Q132,16,7,1.0,0.875,0.125,0.875,0.125,0.21875
v3,Q133,1,5,1.0,1.0,0.2,1.0,0.2,0.33333333333333337
v3,Q134,19,7,1.0,0.631578947368421,0.09022556390977443,0.631578947368421,0.09022556390977443,0.15789473684210525
v3,Q136,1,2,1.0,0.0,0.0,0.0,0.0,0.0
v3,Q137,5,5,1.0,0.0,0.0,0.0,0.0,0.0
v3,Q139,7,3,1.0,0.0,0.0,0.0,0.0,0.0
v3,Q140,25,2,1.0,0.0,0.0,0.0,0.0,0.0
v3,Q144,9,2,1.1111111111111112,0.0,0.0,0.0,0.0,0.0
v3,Q145,16,5,1.0,0.0,0.0,0.0,0.0,0.0
v3,Q146,11,2,1.0,0.0,0.0,0.0,0.0,0.0
v3,Q15,21,2,1.0,0.0,0.0,0.0,0.0,0.0
v3,Q154,6,5,1.0,0.8333333333333334,0.16666666666666666,0.8333333333333334,0.16666666666666666,0.27777777777777785
v3,Q155,7,4,1.0,0.0,0.0,0.0,0.0,0.0
v3,Q156,12,5,1.0,0.0,0.0,0.0,0.0,0.0
v3,Q157,7,4,1.0,0.14285714285714285,0.03571428571428571,0.14285714285714285,0.03571428571428571,0.05714285714285715
v3,Q158,8,4,1.0,0.0,0.0,0.0,0.0,0.0
v3,Q160,1,7,1.0,1.0,0.14285714285714285,1.0,0.14285714285714285,0.25
v3,Q162,5,10,1.0,0.6,0.06000000000000001,0.6,0.06000000000000001,0.10909090909090909
v3,Q163,7,7,1.0,0.5714285714285714,0.08163265306122448,0.5714285714285714,0.08163265306122448,0.14285714285714285
v3,Q2,4,5,1.0,0.0,0.0,0.0,0.0,0.0
v3,Q21,11,2,1.0,0.0,0.0,0.0,0.0,0.0
v3,Q22,21,1,1.0,0.0,0.0,0.0,0.0,0.0
v3,Q25,25,4,1.08,0.0,0.0,0.0,0.0,0.0
v3,Q29,25,1,1.0,0.0,0.0,0.0,0.0,0.0
v3,Q30,22,2,1.0,0.0,0.0,0.0,0.0,0.0
v3,Q32,25,1,1.04,0.0,0.0,0.0,0.0,0.0
v3,Q33,11,5,1.0,0.0,0.0,0.0,0.0,0.0
v3,Q36,17,2,1.0,0.0,0.0,0.0,0.0,0.0
v3,Q40,1,2,1.0,0.0,0.0,0.0,0.0,0.0
v3,Q44,19,1,1.0,0.0,0.0,0.0,0.0,0.0
v3,Q46,1,1,1.0,0.0,0.0,0.0,0.0,0.0
v3,Q48,2,2,1.0,0.0,0.0,0.0,0.0,0.0
v3,Q50,25,1,1.0,0.0,0.0,0.0,0.0,0.0
v3,Q52,2,2,1.0,0.0,0.0,0.0,0.0,0.0
v3,Q55,17,5,1.0,0.0,0.0,0.0,0.0,0.0
v3,Q57,12,2,1.0,0.0,0.0,0.0,0.0,0.0
v3,Q64,1,1,1.0,0.0,0.0,0.0,0.0,0.0
v3,Q66,1,1,1.0,0.0,0.0,0.0,0.0,0.0
v3,Q70,11,1,1.0,0.0,0.0,0.0,0.0,0.0
v3,Q71,25,2,1.0,0.0,0.0,0.0,0.0,0.0
v3,Q72,24,1,1.0,0.0,0.0,0.0,0.0,0.0
v3,Q75,3,3,1.0,0.0,0.0,0.0,0.0,0.0
v3,Q76,21,2,1.1428571428571428,0.047619047619047616,0.015873015873015872,0.023809523809523808,0.023809523809523808,0.023809523809523808
v3,Q77,25,5,1.0,0.0,0.0,0.0,0.0,0.0
v3,Q78,10,2,1.0,0.0,0.0,0.0,0.0,0.0
v3,Q79,3,3,1.0,0.0,0.0,0.0,0.0,0.0
v3,Q8,9,5,1.0,0.0,0.0,0.0,0.0,0.0
v3,Q80,2,2,1.0,0.0,0.0,0.0,0.0,0.0
v3,Q81,19,2,1.0,0.0,0.0,0.0,0.0,0.0
v3,Q82,3,3,1.0,0.0,0.0,0.0,0.0,0.0
v3,Q83,2,3,1.0,0.0,0.0,0.0,0.0,0.0
v3,Q84,25,1,1.0,0.0,0.0,0.0,0.0,0.0
v3,Q85,7,1,1.0,0.0,0.0,0.0,0.0,0.0
v3,Q87,25,5,1.04,0.84,0.16666666666666669,0.82,0.168,0.2780952380952381
v3,Q88,1,3,1.0,0.0,0.0,0.0,0.0,0.0
v3,Q89,11,3,1.0,0.0,0.0,0.0,0.0,0.0
v3,Q9,11,4,1.0,0.0,0.0,0.0,0.0,0.0
v3,Q90,2,3,1.0,0.0,0.0,0.0,0.0,0.0
v3,Q94,1,3,1.0,1.0,0.3333333333333333,1.0,0.3333333333333333,0.5
v4,Q1,25,2,1.0,0.0,0.0,0.0,0.0,0.0
v4,Q100,7,3,1.0,0.8571428571428571,0.2857142857142857,0.8571428571428571,0.2857142857142857,0.42857142857142855
v4,Q102,19,5,1.0,0.10526315789473684,0.021052631578947368,0.10526315789473684,0.021052631578947368,0.03508771929824562
v4,Q104,13,7,1.0,0.9230769230769231,0.13186813186813187,0.9230769230769231,0.13186813186813187,0.23076923076923078
v4,Q105,25,7,1.0,0.04,0.005714285714285714,0.04,0.005714285714285714,0.01
v4,Q106,13,9,1.0,0.9230769230769231,0.10256410256410256,0.9230769230769231,0.10256410256410256,0.1846153846153846
v4,Q107,20,7,1.0,0.05,0.007142857142857143,0.05,0.007142857142857143,0.0125
v4,Q108,2,5,1.0,1.0,0.2,1.0,0.2,0.33333333333333337
v4,Q109,5,7,1.0,0.4,0.05714285714285714,0.4,0.05714285714285714,0.1
v4,Q110,5,3,1.0,0.0,0.0,0.0,0.0,0.0
v4,Q111,25,1,1.0,0.0,0.0,0.0,0.0,0.0
v4,Q112,23,7,1.0,0.782608695652174,0.11180124223602483,0.782608695652174,0.11180124223602483,0.1956521739130435
v4,Q113,20,8,1.0,0.5,0.0625,0.5,0.0625,0.11111111111111112
v4,Q114,25,7,1.0,0.4,0.057142857142857134,0.4,0.057142857142857134,0.1
v4,Q115,13,5,1.0,1.0,0.2,1.0,0.2,0.33333333333333337
v4,Q116,25,8,1.0,0.96,0.12,0.96,0.12,0.21333333333333332
v4,Q117,14,5,1.0,0.5,0.1,0.5,0.1,0.16666666666666669
v4,Q118,7,3,1.0,0.0,0.0,0.0,0.0,0.0
v4,Q120,17,9,1.0,1.0,0.1111111111111111,1.0,0.1111111111111111,0.19999999999999998
v4,Q123,25,5,1.0,0.52,0.10400000000000001,0.52,0.10400000000000001,0.17333333333333337
v4,Q124,7,1,1.0,0.0,0.0,0.0,0.0,0.0
v4,Q125,18,5,1.0,0.7222222222222222,0.14444444444444446,0.7222222222222222,0.14444444444444446,0.24074074074074078
v4,Q126,22,5,1.0,0.9545454545454546,0.19090909090909092,0.9545454545454546,0.19090909090909092,0.31818181818181823
v4,Q127,24,7,1.0,0.375,0.05357142857142857,0.375,0.05357142857142857,0.09375
v4,Q128,15,6,1.0,1.0,0.16666666666666666,1.0,0.16666666666666666,0.2857142857142857
v4,Q129,16,8,1.0,0.375,0.046875,0.375,0.046875,0.08333333333333333
v4,Q130,7,8,1.0,0.14285714285714285,0.017857142857142856,0.14285714285714285,0.017857142857142856,0.031746031746031744
v4,Q131,19,5,1.0,1.0,0.2,1.0,0.2,0.33333333333333337
v4,Q132,22,7,1.0,0.18181818181818182,0.025974025974025972,0.18181818181818182,0.025974025974025972,0.045454545454545456
v4,Q133,22,5,1.0,0.18181818181818182,0.03636363636363637,0.18181818181818182,0.03636363636363637,0.060606060606060615
v4,Q134,24,7,1.0,0.20833333333333334,0.029761904761904757,0.20833333333333334,0.029761904761904757,0.052083333333333336
v4,Q135,15,9,1.0,1.0,0.1111111111111111,1.0,0.1111111111111111,0.19999999999999998
v4,Q136,16,2,1.0,0.875,0.4375,0.875,0.4375,0.5833333333333333
v4,Q137,25,5,1.0,0.0,0.0,0.0,0.0,0.0
v4,Q138,24,2,1.0,0.0,0.0,0.0,0.0,0.0
v4,Q139,24,3,1.0,0.0,0.0,0.0,0.0,0.0
v4,Q140,25,2,1.0,0.0,0.0,0.0,0.0,0.0
v4,Q141,23,4,1.0,0.0,0.0,0.0,0.0,0.0
v4,Q142,1,2,1.0,0.0,0.0,0.0,0.0,0.0
v4,Q143,25,1,1.0,0.0,0.0,0.0,0.0,0.0
v4,Q144,25,2,1.0,0.0,0.0,0.0,0.0,0.0
v4,Q145,25,5,1.0,0.0,0.0,0.0,0.0,0.0
v4,Q146,25,2,1.0,0.0,0.0,0.0,0.0,0.0
v4,Q15,25,2,1.0,0.0,0.0,0.0,0.0,0.0
v4,Q154,25,5,1.0,0.04,0.008,0.04,0.008,0.013333333333333334
v4,Q156,25,5,1.0,0.0,0.0,0.0,0.0,0.0
v4,Q157,25,4,1.0,0.92,0.23,0.92,0.23,0.36800000000000005
v4,Q158,25,4,1.0,0.0,0.0,0.0,0.0,0.0
v4,Q159,15,5,1.0,0.7333333333333333,0.14666666666666667,0.7333333333333333,0.14666666666666667,0.24444444444444446
v4,Q160,22,7,1.0,0.6363636363636364,0.09090909090909091,0.6363636363636364,0.09090909090909091,0.1590909090909091
v4,Q161,2,7,1.0,1.0,0.14285714285714285,1.0,0.14285714285714285,0.25
v4,Q162,11,10,1.0,0.18181818181818182,0.018181818181818184,0.18181818181818182,0.018181818181818184,0.03305785123966942
v4,Q163,7,7,1.0,0.7142857142857143,0.1020408163265306,0.7142857142857143,0.1020408163265306,0.17857142857142858
v4,Q2,17,5,1.0,0.0,0.0,0.0,0.0,0.0
v4,Q21,25,2,1.0,0.0,0.0,0.0,0.0,0.0
v4,Q22,11,1,1.0,0.0,0.0,0.0,0.0,0.0
v4,Q25,25,4,1.0,0.0,0.0,0.0,0.0,0.0
v4,Q29,25,1,1.0,0.0,0.0,0.0,0.0,0.0
v4,Q30,25,2,1.0,0.0,0.0,0.0,0.0,0.0
v4,Q32,25,1,1.0,0.0,0.0,0.0,0.0,0.0
v4,Q33,16,5,1.0,0.0,0.0,0.0,0.0,0.0
v4,Q36,25,2,1.0,0.0,0.0,0.0,0.0,0.0
v4,Q40,25,2,1.0,0.0,0.0,0.0,0.0,0.0
v4,Q44,23,1,1.0,0.0,0.0,0.0,0.0,0.0
v4,Q48,4,2,1.0,0.0,0.0,0.0,0.0,0.0
v4,Q50,25,1,1.0,0.0,0.0,0.0,0.0,0.0
v4,Q52,23,2,1.0,0.0,0.0,0.0,0.0,0.0
v4,Q54,1,1,1.0,0.0,0.0,0.0,0.0,0.0
v4,Q55,24,5,1.0,0.0,0.0,0.0,0.0,0.0
v4,Q57,2,2,1.0,0.0,0.0,0.0,0.0,0.0
v4,Q64,5,1,1.0,0.0,0.0,0.0,0.0,0.0
v4,Q66,1,1,1.0,0.0,0.0,0.0,0.0,0.0
v4,Q67,1,1,1.0,0.0,0.0,0.0,0.0,0.0
v4,Q71,25,2,1.0,0.0,0.0,0.0,0.0,0.0
v4,Q72,25,1,1.0,0.0,0.0,0.0,0.0,0.0
v4,Q75,18,3,1.0,0.0,0.0,0.0,0.0,0.0
v4,Q76,25,2,1.0,0.0,0.0,0.0,0.0,0.0
v4,Q77,25,5,1.0,0.0,0.0,0.0,0.0,0.0
v4,Q78,25,2,1.0,0.0,0.0,0.0,0.0,0.0
v4,Q79,18,3,1.0,0.0,0.0,0.0,0.0,0.0
v4,Q8,23,5,1.0,0.0,0.0,0.0,0.0,0.0
v4,Q80,3,2,1.0,0.0,0.0,0.0,0.0,0.0
v4,Q81,19,2,1.0,0.0,0.0,0.0,0.0,0.0
v4,Q82,25,3,1.0,0.0,0.0,0.0,0.0,0.0
v4,Q83,20,3,1.0,0.0,0.0,0.0,0.0,0.0
v4,Q84,21,1,1.0,0.0,0.0,0.0,0.0,0.0
v4,Q85,25,1,1.0,0.0,0.0,0.0,0.0,0.0
v4,Q87,9,5,1.0,1.0,0.2,1.0,0.2,0.33333333333333337
v4,Q88,25,3,1.0,0.0,0.0,0.0,0.0,0.0
v4,Q89,5,3,1.0,0.0,0.0,0.0,0.0,0.0
v4,Q9,25,4,1.0,0.0,0.0,0.0,0.0,0.0
v4,Q90,25,3,1.0,0.0,0.0,0.0,0.0,0.0
v4,Q92,13,5,1.0,0.0,0.0,0.0,0.0,0.0
v4,Q93,7,5,1.0,0.42857142857142855,0.08571428571428573,0.42857142857142855,0.08571428571428573,0.14285714285714285
v4,Q96,18,8,1.0,0.0,0.0,0.0,0.0,0.0
v4,Q98,7,1,1.0,0.0,0.0,0.0,0.0,0.0
v4,Q99,4,5,1.0,0.0,0.0,0.0,0.0,0.0
