question_id	subject_curie	object_curie	n_edges	status
Q1	MONDO:0005180	NCBIGene:348	2	OK
Q2	MONDO:0005300	NCBIGene:3569	5	OK
Q3	NCBIGene:7124	CHEBI:6801	1	OK
Q4	MONDO:0005180	CHEBI:3756	4	OK
Q5	MONDO:0005300	CHEBI:3756	7	OK
Q6	MONDO:0008383	CHEBI:41774	1	OK
Q7	NCBIGene:7422	CHEBI:15365	1	OK
Q8	MONDO:0007254	NCBIGene:3569	8	OK
Q9	MONDO:0005300	NCBIGene:7422	6	OK
Q10	MONDO:0008383	CHEBI:27899	1	OK
Q11	MONDO:0005300	CHEBI:5855	6	OK
Q12	NCBIGene:3569	CHEBI:5855	1	OK
Q13	MONDO:0005148	CHEBI:41774	1	OK
Q14	MONDO:0004979	CHEBI:10033	6	OK
Q15	MONDO:0005010	NCBIGene:3569	3	OK
Q16	NCBIGene:673	CHEBI:6801	1	OK
Q17	NCBIGene:1636	CHEBI:6801	1	OK
Q18	MONDO:0004975	CHEBI:41774	1	OK
Q19	MONDO:0007254	CHEBI:3756	1	OK
Q20	NCBIGene:7422	CHEBI:6801	1	OK
Q21	MONDO:0008383	NCBIGene:7422	4	OK
Q22	MONDO:0001134	NCBIGene:1636	1	OK
Q23	NCBIGene:7124	CHEBI:41774	1	OK
Q24	MONDO:0004975	CHEBI:15365	8	OK
Q25	MONDO:0005233	NCBIGene:7157	8	OK
Q26	NCBIGene:7124	CHEBI:5855	4	OK
Q27	MONDO:0005148	CHEBI:10033	2	OK
Q28	NCBIGene:348	CHEBI:6801	1	OK
Q29	MONDO:0005180	NCBIGene:1956	1	OK
Q30	MONDO:0004979	NCBIGene:3569	2	OK
Q31	NCBIGene:7422	CHEBI:41879	3	OK
Q32	MONDO:0008383	NCBIGene:7157	1	OK
Q33	MONDO:0005300	NCBIGene:7124	5	OK
Q34	MONDO:0005148	CHEBI:41879	3	OK
Q35	MONDO:0005180	CHEBI:27899	2	OK
Q36	MONDO:0005148	NCBIGene:673	3	OK
Q37	MONDO:0004975	CHEBI:27899	2	OK
Q38	NCBIGene:7157	CHEBI:41879	4	OK
Q39	MONDO:0005148	CHEBI:3756	1	OK
Q40	MONDO:0004979	NCBIGene:7422	3	OK
Q41	NCBIGene:3569	CHEBI:3756	1	OK
Q42	NCBIGene:7422	CHEBI:5855	2	OK
Q43	NCBIGene:7124	CHEBI:3756	1	OK
Q44	MONDO:0005148	NCBIGene:1636	1	OK
Q45	NCBIGene:7422	CHEBI:41774	2	OK
Q46	NCBIGene:675	CHEBI:41774	1	OK
Q47	MONDO:0005010	CHEBI:3756	1	OK
Q48	NCBIGene:7157	CHEBI:15365	3	OK
Q49	MONDO:0004979	CHEBI:6801	7	OK
Q50	MONDO:0004979	NCBIGene:1956	1	OK
Q51	NCBIGene:3569	CHEBI:10033	2	OK
Q52	MONDO:0005148	NCBIGene:348	2	OK
Q53	NCBIGene:348	CHEBI:41774	2	OK
Q54	NCBIGene:348	CHEBI:15365	2	OK
Q55	MONDO:0004975	NCBIGene:7124	7	OK
Q56	MONDO:0008383	CHEBI:10033	9	OK
Q57	NCBIGene:672	CHEBI:6801	3	OK
Q58	MONDO:0004975	CHEBI:41879	2	OK
Q59	NCBIGene:3569	CHEBI:6801	1	OK
Q60	MONDO:0004979	CHEBI:5855	9	OK
Q61	NCBIGene:675	CHEBI:15365	1	OK
Q62	NCBIGene:1636	CHEBI:41879	3	OK
Q63	NCBIGene:348	CHEBI:5855	2	OK
Q64	NCBIGene:1956	CHEBI:6801	1	OK
Q65	MONDO:0005148	CHEBI:5855	4	OK
Q66	NCBIGene:675	CHEBI:6801	1	OK
Q67	NCBIGene:3569	CHEBI:15365	2	OK
Q68	NCBIGene:7157	CHEBI:41774	5	OK
Q69	NCBIGene:3569	CHEBI:27899	4	OK
Q70	NCBIGene:672	CHEBI:41879	1	OK
Q71	MONDO:0005180	NCBIGene:7124	3	OK
Q72	MONDO:0008383	NCBIGene:1956	1	OK
Q73	MONDO:0005300	CHEBI:10033	10	OK
Q74	MONDO:0005180	CHEBI:15365	5	OK
Q75	MONDO:0007254	NCBIGene:348	3	OK
Q76	MONDO:0005148	NCBIGene:3630	5	OK
Q77	MONDO:0005061	NCBIGene:1956	6	OK
Q78	MONDO:0004979	NCBIGene:3565	4	OK
Q79	MONDO:0007915	NCBIGene:6775	6	OK
Q80	MONDO:0005301	NCBIGene:3123	4	OK
Q81	MONDO:0005148	NCBIGene:3952	5	OK
Q82	MONDO:0005090	NCBIGene:1813	6	OK
Q83	MONDO:0005147	NCBIGene:3119	5	OK
Q84	MONDO:0005083	NCBIGene:3605	1	OK
Q85	MONDO:0005140	NCBIGene:675	1	OK
Q86	NCBIGene:3630	CHEBI:6801	3	OK
Q87	NCBIGene:1029	NCBIGene:5925	5	OK
Q88	MONDO:0005089	NCBIGene:5979	3	OK
Q89	MONDO:0005130	NCBIGene:3117	5	OK
Q90	MONDO:0005148	NCBIGene:4160	3	OK
Q91	NCBIGene:613	CHEBI:45783	3	OK
Q92	NCBIGene:1565	CHEBI:16714	6	OK
Q93	NCBIGene:7471	NCBIGene:1499	6	OK
Q94	NCBIGene:9451	NCBIGene:468	3	OK
Q95	NCBIGene:50943	NCBIGene:3559	7	OK
Q96	MONDO:0004985	NCBIGene:775	10	OK
Q97	MONDO:0100096	NCBIGene:59272	5	OK
Q98	MONDO:0005812	NCBIGene:51284	1	OK
Q99	MONDO:0005109	NCBIGene:1234	5	OK
Q100	NCBIGene:348	NCBIGene:4023	3	OK
Q101	NCBIGene:65018	NCBIGene:11315	10	OK
Q102	NCBIGene:2247	NCBIGene:2260	7	OK
Q103	NCBIGene:367	NCBIGene:23028	9	OK
Q104	NCBIGene:3091	NCBIGene:2034	8	OK
Q105	NCBIGene:7099	NCBIGene:4615	9	OK
Q106	NCBIGene:5728	NCBIGene:5290	9	OK
Q107	NCBIGene:5562	NCBIGene:2475	9	OK
Q108	NCBIGene:9451	NCBIGene:7494	5	OK
Q109	NCBIGene:3902	NCBIGene:3958	8	OK
Q110	MONDO:0005113	NCBIGene:5743	3	OK
Q111	MONDO:0005149	NCBIGene:4846	2	OK
Q112	NCBIGene:6774	NCBIGene:3572	9	OK
Q113	NCBIGene:7048	NCBIGene:4092	9	OK
Q114	NCBIGene:2308	NCBIGene:3643	8	OK
Q115	NCBIGene:2645	NCBIGene:2538	6	OK
Q116	NCBIGene:6720	NCBIGene:2194	9	OK
Q117	NCBIGene:5468	NCBIGene:1149	5	OK
Q118	NCBIGene:6927	NCBIGene:3172	5	OK
Q119	NCBIGene:9314	NCBIGene:6657	9	OK
Q120	NCBIGene:1869	NCBIGene:5925	9	OK
Q121	NCBIGene:3065	NCBIGene:25942	9	OK
Q122	MONDO:0000001	NCBIGene:1025	6	OK
Q123	NCBIGene:489	NCBIGene:5350	5	OK
Q124	NCBIGene:6262	NCBIGene:801	1	OK
Q125	NCBIGene:6331	NCBIGene:287	6	OK
Q126	NCBIGene:3757	NCBIGene:783	6	OK
Q127	NCBIGene:2554	NCBIGene:2561	7	OK
Q128	NCBIGene:6857	NCBIGene:6844	6	OK
Q129	NCBIGene:3356	NCBIGene:2776	8	OK
Q130	NCBIGene:1813	NCBIGene:2771	9	OK
Q131	NCBIGene:4988	NCBIGene:409	6	OK
Q132	NCBIGene:1268	NCBIGene:2775	9	OK
Q133	NCBIGene:148	NCBIGene:2767	5	OK
Q134	NCBIGene:1129	NCBIGene:2770	7	OK
Q135	NCBIGene:2263	NCBIGene:10818	10	OK
Q136	NCBIGene:1856	NCBIGene:8324	2	OK
Q137	MONDO:0005301	NCBIGene:3559	9	OK
Q138	MONDO:0008383	NCBIGene:3553	4	OK
Q139	MONDO:0004979	NCBIGene:3596	5	OK
Q140	MONDO:0005148	NCBIGene:6517	6	OK
Q141	MONDO:0005148	NCBIGene:6934	9	OK
Q142	MONDO:0005148	NCBIGene:79068	5	OK
Q143	MONDO:0005061	NCBIGene:238	2	OK
Q144	MONDO:0005090	NCBIGene:2903	3	OK
Q145	MONDO:0005083	NCBIGene:7124	9	OK
Q146	MONDO:0007915	NCBIGene:3663	4	OK
Q147	MONDO:0005148	CHEBI:6801	8	OK
Q148	MONDO:0005061	CHEBI:49668	8	OK
Q149	NCBIGene:7124	CHEBI:44185	6	OK
Q150	NCBIGene:1813	CHEBI:3766	9	OK
Q151	NCBIGene:6323	CHEBI:39867	1	OK
Q152	NCBIGene:6323	CHEBI:3387	2	OK
Q153	NCBIGene:6622	NCBIGene:120892	10	OK
Q154	NCBIGene:5290	NCBIGene:2475	5	OK
Q155	NCBIGene:3845	NCBIGene:673	4	OK
Q156	NCBIGene:673	NCBIGene:5594	9	OK
Q157	NCBIGene:3458	NCBIGene:3716	5	OK
Q158	NCBIGene:3091	NCBIGene:7422	5	OK
Q159	NCBIGene:2099	NCBIGene:5290	5	OK
Q160	NCBIGene:367	NCBIGene:2308	7	OK
Q161	NCBIGene:5468	NCBIGene:9370	8	OK
Q162	NCBIGene:3949	NCBIGene:338	10	OK
Q163	NCBIGene:1636	NCBIGene:185	9	OK
